il;p26;p29;p30;p31;p67;p68;p69;p70;p71;p72;p73;p74;p75;p76;p77;p78;p79;p80;p81;p82;p83;p84;p85;p86;p87;p88;p89;p90;p91;p92;p93;p94;p95;p96;p97;p98;p99;p100;p101;p102;p103;p104;p105;p106;p107;p108;p109;p110;p111;p112;p113;p114;p115;p116;p117;p118;p119;p120;p121;p122;p123;p124;p217;p218;p219;p220;p221;p222;p223;p224;p225;p226;koul;amm
1;6;5;11;6;3;2;3;5;2;4;5;5;2;5;2;5;5;2;3;5;5;1;1;5;3;3;1;3;4;4;3;2;1;1;3;1;1;4;1;1;3;2;1;3;3;5;5;5;5;3;5;5;3;4;3;2;3;5;3;5;4;5;2;3;2;2;3;3;3;2;3;2;1;3
1;24;16;11;19;4;3;4;3;4;3;5;4;2;3;1;4;3;4;2;2;4;2;1;5;4;3;3;2;4;3;3;3;2;3;3;2;2;3;2;2;4;2;1;3;3;3;4;5;5;4;4;4;3;3;3;4;4;4;5;3;2;5;2;2;2;3;3;4;4;2;1;2;3;1
1;8;15;15;9;4;2;1;2;4;2;2;4;4;2;4;3;2;1;3;3;2;1;4;2;2;2;3;3;4;3;3;3;2;4;3;3;3;3;3;3;3;4;3;4;2;4;4;5;5;3;3;3;4;3;2;3;3;4;3;5;3;3;2;2;3;2;2;3;3;2;2;3;1;3
2;4;8;11;7;5;2;2;2;2;1;4;5;3;2;5;2;2;2;2;5;3;5;1;5;5;4;1;1;3;3;4;3;3;2;3;1;4;4;2;2;4;2;3;4;1;1;5;1;3;4;3;3;3;3;1;3;1;1;1;3;1;1;1;3;2;1;1;2;2;1;1;1;1;3
2;9;8;11;6;3;2;2;3;2;3;2;2;1;3;3;2;3;3;3;4;4;4;3;2;2;2;4;2;3;3;2;2;4;3;2;3;3;2;4;3;2;3;3;2;3;4;5;4;5;4;4;3;5;5;3;3;3;5;4;4;3;3;2;2;3;2;3;1;1;2;3;3;1;3
2;13;10;11;10;1;3;1;2;2;3;2;5;2;2;4;4;4;2;3;4;4;1;5;1;4;3;2;2;4;2;2;3;4;1;2;3;2;3;1;3;2;3;3;3;2;3;4;3;3;2;3;2;4;4;4;4;3;2;2;3;4;4;3;3;2;3;2;3;2;2;3;2;1;3
2;14;17;13;15;3;2;2;2;3;2;1;4;4;2;4;3;2;2;4;4;3;4;5;1;2;2;4;4;3;4;2;2;4;3;2;3;4;1;2;4;2;3;3;2;4;5;5;4;5;4;5;4;4;4;4;3;4;2;4;4;5;3;2;2;3;1;3;2;1;2;4;3;3;1
3;12;16;7;10;2;2;1;4;2;2;2;4;4;4;5;2;3;4;4;2;2;4;5;2;5;3;3;3;4;2;2;2;4;3;3;2;2;3;2;3;2;3;3;2;4;4;5;5;5;4;5;3;3;5;3;3;3;3;2;3;5;3;2;2;3;2;2;3;3;1;2;2;3;1
3;15;10;9;9;4;2;2;1;4;3;2;2;2;2;4;2;1;5;3;3;2;4;5;1;1;2;1;2;3;3;1;2;4;3;1;2;4;1;1;3;1;1;1;2;4;4;5;4;5;4;5;5;5;5;5;4;3;2;3;4;5;2;2;2;3;1;3;1;1;2;3;3;1;1
3;11;19;13;14;5;2;5;5;5;2;2;5;1;2;4;2;2;2;5;4;2;4;5;1;2;2;3;4;4;3;1;1;4;4;2;3;3;2;3;4;2;4;4;2;4;4;5;5;5;2;4;4;5;5;5;4;3;3;2;3;4;2;2;2;3;2;3;2;2;3;3;4;2;1
2;8;12;9;4;2;2;2;2;2;2;2;4;1;1;5;2;2;2;4;2;2;2;4;2;2;1;3;1;4;4;2;2;4;3;3;3;4;2;1;4;2;3;4;2;4;5;5;5;5;4;5;5;4;5;5;4;5;5;4;4;5;5;2;2;3;2;3;2;2;2;3;3;1;3
2;13;15;5;10;2;3;2;3;3;3;3;3;3;2;5;2;2;2;3;3;2;2;3;3;3;2;2;3;4;4;2;3;4;2;3;3;4;2;2;3;2;3;3;3;3;5;5;5;5;5;5;4;4;4;3;3;3;3;3;4;4;3;2;2;3;2;2;2;3;2;2;2;2;1
2;17;14;15;10;2;3;2;3;2;2;2;5;4;2;5;2;3;1;5;5;4;4;4;2;2;2;3;2;4;4;2;3;4;4;2;3;4;2;3;3;2;4;3;2;4;4;5;5;5;4;5;5;1;1;3;3;3;2;2;5;5;4;1;2;4;1;3;2;2;2;2;3;3;1
2;23;15;13;12;2;2;1;1;1;1;4;4;4;2;5;4;4;5;2;4;4;4;5;2;1;3;2;3;3;4;3;3;3;2;3;2;2;3;2;2;3;2;2;3;2;3;3;4;5;2;5;5;3;2;1;2;1;5;2;4;4;4;2;2;3;2;3;2;3;2;2;3;3;1
1;14;15;11;13;1;3;1;1;2;2;2;5;4;2;1;4;2;1;2;4;5;4;5;1;2;2;3;3;4;3;3;3;3;4;2;3;2;3;2;3;2;4;3;3;3;2;3;5;5;3;5;5;2;2;1;3;2;1;2;5;3;1;1;2;3;1;3;3;2;3;2;2;2;3
3;13;16;11;11;2;3;3;2;2;2;3;2;3;2;3;2;3;3;5;3;2;4;5;2;1;1;3;4;3;3;2;2;4;3;2;3;3;2;1;4;2;3;3;2;4;5;4;5;4;2;3;4;2;1;1;2;2;1;1;1;3;3;2;2;3;1;3;2;2;3;3;3;1;1
3;4;12;7;4;3;2;5;5;2;3;4;5;2;3;5;2;2;5;3;2;4;1;3;3;2;3;2;3;1;3;1;1;2;3;3;1;3;2;1;2;3;4;3;1;4;1;5;4;3;3;4;3;2;1;3;4;2;3;1;4;2;1;1;3;3;2;2;2;3;2;1;2;1;2
3;10;12;11;7;2;2;1;2;3;3;3;3;2;3;5;2;2;2;3;3;4;2;5;2;2;2;3;3;3;3;2;2;3;3;2;2;3;2;2;3;2;2;1;2;2;3;4;3;5;3;3;4;3;3;2;3;2;2;2;3;3;2;1;2;4;2;3;2;2;3;4;4;3;1
1;9;9;11;14;2;2;4;2;2;2;1;2;1;1;4;2;2;2;4;4;2;4;2;4;2;2;4;4;4;3;1;1;4;2;2;3;4;1;3;3;2;3;4;1;3;4;5;5;4;4;5;4;3;4;2;4;5;5;5;5;3;4;1;1;3;1;3;1;1;3;4;4;1;3
1;11;9;13;10;3;2;3;4;5;2;4;1;1;2;3;4;4;5;2;5;1;4;1;5;1;2;4;3;4;4;1;2;4;4;3;4;3;3;1;4;2;4;4;2;4;5;2;2;2;3;1;3;2;5;2;3;5;5;5;3;2;2;2;1;3;2;3;1;1;3;4;3;1;3
1;6;15;13;11;2;2;4;2;2;2;1;1;2;2;4;2;2;2;4;4;3;4;5;2;2;1;3;4;4;4;1;2;4;3;1;4;3;1;3;4;2;4;4;1;4;5;5;5;5;4;5;5;4;5;5;4;5;4;4;5;5;4;1;2;4;2;3;2;2;4;4;4;1;2
2;6;10;13;4;3;2;2;3;3;2;3;3;3;3;3;3;2;3;2;3;3;2;3;2;2;2;3;2;4;4;1;1;4;4;1;4;3;1;1;3;1;4;4;1;4;2;4;3;2;4;5;4;5;5;5;4;5;4;5;5;4;3;1;4;2;2;4;1;1;3;4;4;1;3
2;7;11;11;9;2;2;1;2;1;1;1;1;4;2;4;2;2;1;2;3;1;3;5;1;2;1;3;3;4;4;2;3;4;3;2;3;4;2;3;4;2;3;3;2;4;5;5;5;5;5;5;5;4;4;4;5;4;4;3;5;5;2;1;2;4;2;4;2;2;3;4;4;1;1
3;9;12;9;6;5;2;5;5;5;3;3;5;2;2;5;2;2;3;3;2;2;3;4;2;2;2;3;3;3;3;2;1;4;3;2;3;3;2;3;4;2;3;3;2;3;3;4;5;5;4;4;4;4;4;4;4;3;3;4;4;3;3;2;2;3;2;1;1;1;2;3;3;1;3
3;7;10;9;11;3;3;3;3;3;3;3;4;5;2;3;3;2;3;3;5;3;1;5;3;1;2;3;2;4;3;2;2;4;4;2;4;3;2;2;4;2;4;3;2;4;5;5;5;5;2;3;2;3;4;3;4;4;4;2;3;2;1;2;2;3;2;2;2;1;2;3;4;1;3
3;6;6;7;4;4;2;2;4;4;1;1;5;1;2;2;1;1;1;5;1;1;1;5;1;1;1;2;4;4;4;2;2;4;4;1;4;4;2;4;3;1;4;4;1;4;5;5;5;5;5;5;5;5;5;5;4;5;5;4;5;5;5;1;2;4;1;2;1;1;2;4;3;1;3
3;6;11;9;6;3;2;3;3;2;2;3;3;3;2;5;3;3;3;3;3;3;3;3;3;2;2;3;3;3;3;1;2;3;3;2;4; ;3;2;3;2;3;4;2;4;4;5;5;4;4;4;3;3;3;3;5;5;3;5;3;3;3;3;2;3;2;2;2;2;3;3;3;1;2
2;11;10;13;6;2;2;1;2;2;1;3;2;4;2;3;2;2;2;4;3;2;4;5;1;3;2;3;4;4;3;1;1;4;4;2;4;3;2;3;3;2;4;4;1;4;5;5;5;5;4;4;4;4;4;4;5;5;3;5;4;4;4;2;2;3;2;3;2;2;3;4;4;2;1
2;12;12;14;11;4;2;2;3;2;1;4;4;4;4;5;3;2;2;5;3;4;2;5;1;4;2;3;3;3;3;1;1;3;2;2;2;3;1;2;3;1;3;2;2;4;4;5;5;5;4;3;5;3;2;1;2;2;3;1;3;1;2;3;3;2;2;1;3;3;1;1;1;1;2
2;12;14;13;11;2;3;2;2;2;2;3;3;2;2;4;2;2;2;5;5;4;2;3;2;2;1;3;4;4;4;1;2;4;4;2;3;4;4;3;4;1;3;3;1;4;5;5;5;5;5;5;5;5;5;4;4;4;4;2;4;2;4;1;2;4;1;4;2;2;4;3;4;3;1
1;11;17;14;19;2;2;2;2;1;2;1;3;3;2;3;2;2;3;4;4;3;2;3;3;2;2;3;4;4;3;2;2;4;4;2;3;3;2;3;3;2;4;4;2;3;5;5;5;5;4;4;4;3;4;4;4;4;4;3;4;5;5;1;2;3;2;3;2;3;3;3;3;3;1
1;4;15;13;13;2;2;1;2;2;2;2;4;3;4;1;3;3;2;4;4;2;4;5;2;2;2;3;3;4;4;2;2;3;4;2;2;3;2;3;3;2;3;3;2;4;5;5;5;5;4;4;4;4;5;5;3;3;5;5;5;5;3;1;2;3;1;3;2;2;2;3;3;3;1
3;5;12;3;4;2;3;2;2;1;2;1;1;2;2;5;2;2;2;2;2;1;2;1;1;5;1;4;4;4;3;1;1;4;4;1;4;4;1;1;4;1;4;3;1;4;5;5;5;5;5;5;5;4;3;3;3;5;3;1;3;4;1;2;1;4;2;4;1;1;2;3;3;1;2
3;5;12;7;2;2;2;3;3;2;3;2;2;2;2;5;2;2;2;3;3;2;2;3;3;2;2;2;4;2;3;2;2;4;2;2;4;3;2;4;4;1;3;3;2;4;5;5;5;5;3;3;5;5;5;5;5;5;3;4;4;3;3;1;1;3;1;2;2;2;2;3;3;2;2
1;9;10;3;4;2;2;1;3;2;2;1;4;4;2;3;2;4;2;4;3;2;2;5;2;2;2;3;3;3;3;2;2;3;2;2;2;3;2;2;3;2;3;3;2;3;4;3;4;5;3;4;5;5;5;5;3;4;4;4;4;2;1;2;2;3;2;2;2;2;3;3;2;1;3
2;9;11;9;11;3;3;4;5;4;2;2;5;2;3;2;2;2;2;3;4;4;2;5;2;2;2;2;4;3;3;2;2;3;3;2;3;3;2;3;3;2;3;3;2;3;3;4;4;4;2;3;2;2;1;1;2;1;2;1;3;2;3;2;2;4;2;3;2;2;2;2;2;1;2
2;9;12;11;7;1;2;5;5;2;2;1;5;1;4;5;2;4;5;5;5;4;2;5;2;1;2;3;2;4;4;2;2;4;2;2;2;3;2;3;3;2;3;3;2;4;5;5;5;5;3;4;3;2;4;4;3;2;5;1;5;5;5;2;2;4;2;3;2;2;3;3;4;2;1
2;11;9;13;10;2;2;2;3;1;3;2;3;2;1;5;2;3;2;5;5;2;4;5;1;1;2;3;3;4;3;2;2;4;3;2;3;3;2;3;4;2;3;3;2;3;5;5;4;5;4;5;5;2;3;3;3;3;4;2;4;3;2;2;2;4;1;3;2;2;2;4;4;2;2
2;17;11;14;6;1;3;5;5;5;3;4;3;4;5;1;2;3;4;1;1;2;3;5;1;2;3;3;3;4;3;3;4;4;2;3;3;4;2;2;3;2;2;2;3;4;3;4;4;4;4;4;4;5;5;5;4;5;5;2;4;1;5;1;2;1;2;4;2;2;4;4;4;1;2
2;12;14;15;13;1;2;1;1;1;1;4;4;2;1;2;1;2;1;5;4;2;2;4;1;2;3;3;3;4;3;2;2;4;3;3;2;3;2;2;3;3;3;4;2;4;5;5;5;5;5;5;5;5;5;5;4;4;2;3;5;5;2;2;2;4;2;3;2;2;3;4;3;2;1
1;11;11;13;7;1;2;2;2;2;2;1;2;3;3;1;2;2;2;4;4;2;2;5;2;2;2;3;3;4;3;2;2;3;2;2;3;4;2;3;3;2;3;3;2;3;4;5;5;5;5;5;4;4;4;4;4;4;5;4;4;4;2;2;2;3;2;3;2;2;2;3;2;2;3
1;0;12;7;12;2;2;2;3;2;1;1;4;2;2;4;4;4;4;3;4;5;2;4;2;4;2;3;4;4;3;2;2;4;3;2;4;3;3;2;3;2;3;4;2;4;5;3;5;5;2;2;3;3;4;3;3;3;3;3;5;4;4;2;2;3;2;2;2;2;2;3;3;2;2
1;15;11;13;10;2;3;1;2;1;3;4;5;4;4;4;3;2;2;5;4;4;4;4;2;3;2;3;2;3;3;3;3;2;3;3;2;2;2;1;3;2;3;3;1;2;3;4;4;5;3;3;5;1;3;2;4;4;3;3;3;2;4;3;2;3;3;2;3;3;2;1;2;2;2
3;7;11;5;9;2;3;3;4;2;3;2;4;2;2;5;3;2;4;3;3;2;2;3;3;3;2;3;3;3;3;1;2;3;2;2;3;2;3;2;3;1;3;3;1;3;3;4;5;4;2;3;3;2;2;2;3;4;3;2;4;3;2;2;2;3;2;2;2;3;2;3;3;1;3
3;8;14;13;10;1;2;2;1;1;1;2;2;2;2;4;2;2;2;4;4;2;4;5;1;1;2;3;4;3;4;1;1;4;3;1;3;4;1;4;4;1;3;4;1;4;5;5;5;5;5;5;5;5;5;5;5;5;3;2;4;5;5;2;2;3;1;2;2;3;2;3;3;2;1
3;3;9;7;2;4;2;4;3;5;1;5;5;1;1;5;2;2;3;5;5;3;2;5;1;1;3;1;3;4;2;2;1;3;3;1;4;4;3;3;4;1;3;4;1;4;5;5;5;5;5;5;5;5;5;5;5;4;5;5;5;5;3;1;1;4;1;3;1;1;4;4;3;1;2
3;6;11;9;8;3;2;2;3;3;2;2;2;2;2;5;2;2;4;3;3;2;2;3;2;4;1;3;3;4;4;1;1;4;3;1;4;3;2;2;4;1;3;4;1;3;5;5;5;5;4;4;4;4;4;4;4;5;4;4;4;4;3;2;2;3;2;1;2;3;2;3;3;1;2
1;6;11;11;13;3;2;2;2;2;3;1;4;4;4;5;3;2;2;4;3;2;3;2;4;3;2;3;3;4;4;3;3;4;3;2;3;3;3;3;3;2;3;2;3;2;3;5;5;5;4;4;4;3;3;2;3;3;4;2;3;3;3;2;2;3;2;3;2;2;2;3;3;1;3
1;17;14;13;16;4;3;4;4;2;3;4;5;2;2;2;3;2;3;4;4;3;4;1;5;3;3;3;3;3;4;3;3;4;3;3;3;3;3;4;3;3;2;3;3;4;4;5;5;5;3;3;5;5;4;4;4;4;4;3;5;5;1;1;2;3;2;3;1;2;4;4;4;2;1
1;12;15;13;16;1;4;1;1;1;1;2;5;2;1;4;4;1;2;4;5;4;2;5;2;2;2;3;3;3;3;1;3;4;4;2;3;4;1;4;3;2;4;3;2;3;5;4;5;5;4;5;4;4;5;5;4;5;5;4;4;5;3;1;1;4;1;4;1;1;4;3;3;3;1
2;17;15;14;11;1;3;1;2;1;3;3;4;2;1;4;2;1;2;4;5;2;2;5;1;1;2;4;3;4;4;1;2;3;4;1;4;4;4;3;4;2;3;4;2;4;5;5;5;5;5;5;5;4;5;5;5;4;5;4;5;5;3;2;2;3;1;4;1;2;2;4;4;3;1
2;13;10;9;9;4;3;4;3;3;4;4;5;2;2;5;1;2;1;2;2;2;2;5;4;2;4;2;2;3;3;2;1;2;3;3;2;2;2;2;2;2;2;1;3;1;3;4;5;4;3;4;2;3;1;1;2;2;1;2;2;2;3;3;2;2;3;2;2;3;2;2;2;1;2
2;9;9;11;6;2;3;1;3;3;2;3;3;2;2;5;2;3;1;3;3;1;3;2;2;1;2;3;3;4;3;2;2;3;3;2;3;2;2;2;3;2;3;4;3;3;5;5;5;4;4;5;5;5;5;5;5;4;5;4;4;4;4;2;2;3;2;3;2;2;2;3;2;1;3
3;5;10;9;7;2;3;2;4;4;3;2;4;2;2;4;2;4;2;3;3;4;2;5;2;2;2;3;4;4;4;2;2;4;4;2;4;4;2;3;4;2;3;4;2;4;3;5;5;5;3;3;3;4;4;4;3;4;2;2;3;5;3;2;2;3;2;2;2;2;3;4;4;3;1
3;6;13;11;4;2;2;4;4;2;3;1;4;4;2;3;2;2;2;3;4;2;2;5;2;1;2;2;3;3;4;1;1;4;3;1;2;3;2;4;4;1;3;3;2;4;5;5;5;5;4;5;3;3;4;3;3;3;4;2;4;4;5;2;2;3;2;2;2;3;2;3;4;1;1
3;11;9;9;7;4;2;3;4;3;3;4;5;5;5;3;3;4;3;3;3;2;3;5;3;5;2;3;4;3;4;1;1;4;4;1;3;4;2;1;3;1;4;4;1;4;5;5;5;5;5;4;4;5;5;5;3;3;2;1;3;4;4;3;3;2;3;2;2;3;3;3;2;1;3
3;3;10;9;2;2;3;4;5;4;2;3;5;2;2;5;2;2;4;3;5;5;2;5;1;2;3;1;3;3;3;1;2;4;1;3;2;3;3;1;2;3;2;3;1;3;5;5;5;5;3;4;2;3;5;5;4;3;3;2;5;3;4;2;2;3;2;1;2;1;3;2;2;1;2
2;8;5;5;8;3;2;3;4;3;3;2;4;4;5;5;3;4;2;3;3;2;1;3;2;3;2;3;2;4;2;2;2;3;4;2;3;2;3;3;3;2;3;2;3;3;3;4;5;4;1;2;3;3;2;2;2;2;3;1;4;3;2;2;2;3;2;2;2;2;2;2;2;1;3
2;13;15;11;13;4;2;2;2;4;2;4;2;2;2;2;4;2;2;2;4;4;2;4;4;2;2;3;4;4;4;2;2;4;4;2;3;3;2;3;3;2;3;3;2;3;4;5;5;5;4;4;4;2;2;2;3;2;4;2;5;5;5;1;1;3;1;3;1;2;3;3;3;3;1
2;3;11;13;9;2;2;2;2;2;1;1;4;1;2;4;2;3;2;4;3;3;4;5;1;2;2;3;4;4;4;1;1;4;3;2;3;4;2;3;3;2;4;4;1;4;3;4;5;5;2;3;3;1;2;2;3;2;4;2;4;2;1;3;2;4;1;2;2;1;2;3;4;1;3
1;9;12;15;12;3;2;2;2;4;2;4;4;4;2;4;2;2;4;4;2;2;4;4;2;4;2;3;3;4;4;1;1;4;4;1;4;4;2;4;4;2;3;4;2;4;5;5;5;5;5;4;5;5;5;3;4;5;4;5;5;3;3;2;2;3;2;3;2;2;3;3;4;1;2
1;9;13;13;12;3;3;2;2;2;3;2;2;4;3;3;2;2;1;4;4;3;4;5;2;2;2;4;3;4;3;2;2;4;3;3;3;4;2;3;4;1;4;3;1;4;5;5;5;5;4;4;4;3;4;4;4;5;5;3;4;4;3;1;2;3;1;3;2;1;2;3;3;1;2
1;13;12;13;12;3;2;2;2;3;3;3;2;3;2;3;3;3;2;4;3;3;4;5;2;3;2;3;3;3;3;2;2;4;4;2;3;3;2;3;3;2;4;4;2;3;4;4;5;5;3;4;4;4;4;4;4;4;3;3;4;3;3;3;2;3;2;3;2;2;3;3;3;2;3
1;13;9;9;14;3;2;1;2;2;3;2;4;5;3;4;3;3;2;5;4;3;5;5;1;5;2;3;4;3;4;2;3;4;4;2;4;4;2;3;4;2;4;4;2;4;4;5;5;5;2;3;4;4;4;4;4;3;4;4;4;2;1;2;2;3;2;3;2;1;2;3;4;1;3
3;5;9;5;0;3;2;1;2;2;2;1;3;4;2;5;1;2;2;3;2;2;1;4;1;2;2;2;2;3;3;2;3;3;2;2;1;3;2;2;3;2;3;2;3;2;3;5;4;5;4;4;3;4;3;2;3;4;1;2;2;3;2;2;2;1;3;3;2;2;1;1;1;1;3
2;12;15;7;9;2;2;2;3;2;3;2;4;4;4;5;3;2;2;3;4;2;2;5;1;1;2;4;3;4;3;1;1;4;3;1;3;3;2;2;4;1;3;3;1;3;3;4;5;5;3;4;4;1;2;2;3;3;3;3;4;2;2;2;2;3;2;2;2;2;1;3;2;1;3
2;8;11;13;11;2;2;1;2;3;2;2;5;1;2;5;2;2;2;5;3;2;4;5;1;3;1;4;1;4;3;1;2;4;4;2;4;2;2;1;3;1;2;3;2;3;5;5;5;5;3;3;5;5;3;3;4;3;3;3;5;3;5;3;3;3;2;2;3;2;2;3;2;1;2
3;15;15;11;2;3;2;4;5;5;2;3;5;2;2;5;2;2;5;3;2;3;2;5;1;3;3;2;3;3;3;1;1;4;3;2;3;3;2;1;3;2;4;3;3;4;5;4;5;4;3;3;3;4;5;5;5;2;3;1;3;4;1;2;2;4;2;3;1;3;2;4;4;1;2
3;5;12;9;4;1;2;1;3;2;3;3;4;5;1;5;3;2;4;3;3;2;4;5;1;1;2;3;1;3;4;2;2;4;3;1;4;3;2;1;3;1;3;3;1;3;4;5;3;5;3;4;3;1;1;1;3;2;1;1;5;5;1;1;2;1;1;4;2;2;3;2;2;1;2
3;6;8;5;0;3;2;2;2;4;4;3;5;1;1;5;1;1;3;2;1;3;4;1;1;1;2;3;3;3;4;2;3;4;3;2;1;4;1;3;3;2;3;2;1;3;4;1;1;1;3;4;5;4;3;5;5;4;5;4;3;4;3;1;1;3;2;2;1;1;2;2;2;1;3
2;8;11;13;10;4;3;2;3;2;3;1;4;2;1;1;2;1;1;1;4;5;5;5;1;2;3;4;3;4;3;2;3;4;4;3;4;2;4;1;3;2;2;1;2;4;3;4;5;5;1;3;2;4;4;3;4;2;5;3;1;2;2;3;3;2;2;1;2;2;2;3;1;1;3
2;2;8;9;6;2;2;2;2;2;2;4;4;1;2;5;1;1;2;5;2;2;2;5;2;5;2;4;3;4;4;1;1;3;3;3;3;4;1;2;3;2;3;3;1;4;4;5;5;5;4;4;5;4;4;4;3;1;1;3;4;5;4;1;1;3;1;2;2;2;2;4;4;1;3
1;12;15;11;9;5;2;2;4;4;2;5;5;1;1;5;4;1;3;2;4;4;2;1;5;1;2;3;3;4;4;1;2;4;3;2;3;4;1;4;3;2;3;4;1;4;4;4;5;5;3;3;4;5;5;5;4;5;3;3;4;5;3;1;1;3;2;3;2;2;3;3;4;1;3
1;4;10;7;10;1;2;1;2;1;2;1;1;2;2;2;2;1;1;4;4;2;4;4;1;2;2;3;2;4;4;1;2;4;3;1;4;3;2;3;4;1;3;3;2;4;5;5;5;5;4;5;4;4;4;4;4;4;4;4;5;4;4;2;2;3;2;2;1;1;2;3;2;1;2
1;8;12;13;13;2;2;2;4;2;3;4;4;2;2;4;2;2;1;5;4;4;1;5;2;4;3;2;3;3;3;2;2;3;3;2;3;2;3;3;3;2;3;2;3;3;3;4;5;4;2;5;3;2;3;3;2;4;4;2;4;2;1;1;1;3;2;3;2;2;3;3;3;1;3
3;15;10;7;12;4;2;4;5;2;2;1;4;4;2;5;3;4;2;4;2;4;2;5;5;2;2;2;3;4;3;2;2;3;2;1;2;3;2;1;3;2;2;2;2;3;4;4;5;5;3;4;3;2;2;1;2;2;1;2;1;2;2;2;3;3;2;1;2;2;2;3;4;2;2
3;7;13;14;8;2;2;1;2;1;2;1;2;1;2;5;2;1;1;5;2;2;2;5;1;2;2;2;1;3;3;2;2;3;2;1;2;4;2;2;3;1;2;2;1;3;3;5;5;5;5;4;5;1;1;1;2;2;2;3;1;2;3;1;2;4;2;2;2;1;2;4;4;1;2
3;4;13;9;9;1;2;1;2;2;2;1;2;1;2;5;1;2;2;5;4;2;4;5;1;1;1;4;3;4;4;1;1;4;3;1;3;4;1;3;4;1;4;3;1;4;5;5;5;5;5;5;5;4;5;2;3;4;5;4;5;3;2;2;1;4;1;3;2;2;3;4;4;1;2
2;6;11;11;7;4;2;2;2;2;2;5;4;5;4;4;3;2;5;1;1;2;2;5;1;1;4;2;2;3;4;3;3;3;1;3;1;3;2;1;3;3;2;2;3;2;1;3;3;5;5;5;5;1;4;1;4;4;3;1;4;4;3;1;1;4;1;4;1;1;1;4;4;1;2
2;11;13;13;8;4;3;2;4;3;3;2;2;2;2;3;3;2;3;3;4;3;2;4;2;2;3;2;4;4;3;2;3;3;2;3;2;4;1;3;3;2;3;2;3;3;4;5;4;5;3;4;4;5;4;4;4;3;4;4;3;5;3;2;2;3;2;2;2;2;3;3;3;1;3
2;14;9;11;4;2;1;2;2;2;1;1;4;4;1;5;2;2;2;4;2;1;2;3;1;3;2;3;1;3;3;2;2;4;3;2;3;2;2;3;3;2;3;4;2;3;4;5;5;5;3;4;3;3;5;5;3;4;2;3;1;3;4;2;2;3;2;2;2;2;1;3;3;1;3
2;18;15;14;8;4;5;4;5;4;5;4;5;3;2;5;4;4;3;1;4;4;3;5;4;5;3;2;2;4;3;2;2;1;3;3;1;2;3;1;2;3;3;1;3;3;3;5;5;5;5;5;4;3;3;4;3;2;2;1;3;1;3;3;3;2;3;1;2;3;1;1;1;2;2
3;0;8;5;4;2;2;1;2;2;2;1;3;2; ;3;1;2;3;2;2;2;5;5; ;2;1;3;4;4;3;2;2;4;4;2;4;3;4;2;3;3;4;3;2;4;3;4;4;4;3;4;4;1;5;1;3;1;3;2;3;5;3;3;2;3;2;2;2;2;3;3;3;1;2
3;8;15;9;11;1;3;1;2;1;1;1;3;2;1;5;2;1;2;5;3;3;3;5;1;1;1;3;4;4;4;1;1;4;4;1;4;4;1;4;4;1;4;4;1;4;3;5;5;5;4;5;5;4;5;5;5;5;5;4;1;5;5;1;2;4;2;4;1;1;4;4;4;3;1
3;6;10;9;2;3;2;3;2;3;2;4;4;4;3;3;1;2;3;2;2;2;2;5;1;1;2;3;2;4;3;1;1;4;3;2;1;4;1;1;4;1;3;4;1;4;5;3;3;5;1;2;2;3;3;3;3;3;4;4;4;2;3;2;2;4;1;3;1;1;2;4;4;1;2
1;11;10;9;10;1;2;1;1;1;4;3;5;1;1;5;3;3;1;5;3;1;5;1;5;5;3;3;3;3;4;3;3;3;3;3;2;3;3;3;3;3;3;3;3;3;1;5;5;5;3;3;3;1;4;4;4;4;3;4;5;2;2;1;1;4;1;4;1;1;1;4;4;1;3
1;10;14;13;14;2;3;2;2;2;4;5;4;4;4;5;4;2;5;2;2;4;2;5;2;2;3;3;2;4;3;2;2;3;3;3;3;3;3;2;2;3;2;3;2;3;3;4;3;4;4;4;4;3;3;3;4;4;2;3;3;2;2;2;2;2;2;1;2;3;2;2;2;1;3
1;11;10;7;8;3;2;2;3;2;3;2;3;2;2;2;2;2;2;3;2;3;2;3;2;3; ; ; ; ; ; ; ; ; ; ; ; ; ; ; ; ; ; ; ; ;4;3;5;5;4;4;4;4;3;3;3;3;3;4;3;2;2;2;1;2;2;2;2;2;2;1;2;1;3
1;14;15;13;13;2;2;1;1;2;2;4;1;2;4;3;4;5;3;4;5;4;2;5;1;2;2;3;4;4;4;2;2;4;4;1;3;2;3;2;3;2;3;4;2;3;4;5;3;5;2;3;2;5;5;5;5;5;5;5;5;3;2;1;1;3;2;3;2;2;3;4;4;3;1
2;9;14;7;8;3;4;2;3;4;3;2;3;4;4;2;5;4;4;3;3;5;2;4;4;4;3;2;3;3;2;3;2;3;1;3;2;1;4;2;2;3;2;2;3;3;3;4;4;3;2;2;3;1;2;2;2;2;2;2;3;3;4;3;3;2;3;2;3;3;2;2;2;1;3
3;4;11;7;4;3;3;3;3;2;4;1;3;1;4;3;3;5;3;3;3;3;3;3;3;3;1;2;3;4;3;1;1;2;2;2;2;1;3;3;3;1;2;3;1;3;3;4;1;3;1;1;1;3;1;1;4;3;1;3;3;3;2;1;1;3;1;3;2;1;2;3;3;1;3
1;18;15;13;19;4;3;3;4;3;1;1;2;4;4;3;2;3;1;3;5;5;2;4;4;2;1;4;4;4;2;1;1;4;3;1;3;3;2;1;4;1;3;3;2;4;5;5;5;5;4;4;4;5;5;5;4;2;1;4;4;5;2;2;2;3;1;2;3;2;3;3;2;1;1
2;19;11;13;19;2;2;2;2;2;2;2;5;2;2;5;2;2;1;4;4;2;4;5;1;2;3;3;4;4;3;2;3;3;1;2;2;3;3;4;3;2;2;4;2;3;5;5;5;5;3;5;4;4;4;4;4;5;3;2;3;5;5;1;2;3;2;1;2;2;1;4;4;1;2
3;14;13;11;10;3;2;1;1;1;3;3;5;5;2;5;1;1;3;3;5;3;1;5;1;1;2;3;3;4;4;1;2;4;4;3;4;4;2;1;4;2;4;4;2;4;5;5;5;5;3;3;3;5;3;3;4;2;2;4;4;3;3;2;3;3;2;1;1;2;3;3;2;1;2
3;12;11;14;6;2;2;1;5;4;5;5;5;1;2;5;2;2;5;5;1;2;5;5;1;1;3;2;2;3;3;2;3;3;4;2;3;4;4;2;4;3;3;3;2;4;5;3;5;5;3;3;4;3;5;4;3;4;3;3;3;4;2;2;2;3;1;2;2;3;3;3;3;1;3
3;8;4;7;2;2;3;2;2;1;3;1;3;2;1;5;3;2;1;3;4;3;3;5;1;5;1;3;4;4;4;1;1;4;4;1;4;4;1;1;3;1;4;4;1;4;5;5;5;5;5;5;5;5;5;5;4;5;5;2;1;4;5;1;2;4;2;3;2;2;3;4;4;1;3
3;13;12;9;7;5;2;4;3;2;4;1;5;5;1;5;2;2;4;2;2;4;1;3;2;2;1;2;4;4;4;2;1;4;4;1;4;4;1;4;4;1;4;4;1;4;5;5;5;5;5;5;5;5;5;5;5;5;5;5;4;4;3;1;2;4;1;4;1;1;2;4;4;2;1
2;15;17;9;9;3;3;2;3;2;2;3;4;4;2;2;2;4;3;2;4;4;2;4;2;3;3;3;4;4;4;2;2;3;2;3;3;3;3;2;3;2;4;3;3;4;3;5;5;5;3;3;4;2;3;3;3;3;4;3;5;5;5;2;2;3;2;2;2;2;3;2;2;2;2
2;12;12;11;11;3;3;1;3;4;3;2;4;5;2;5;4;2;2;4;5;5;2;5;1;2;2;3;3;3;4;2;2;3;3;2;3;4;1;2;3;1;3;3;1;3;4;4;5;5;3;4;4;3;5;5;4;4;2;2;3;3;2;3;3;3;2;2;3;2;3;3;3;1;2
2;25;12;9;13;2;2;1;2;2;2;4;3;4;4;4;2;2;1;5;4;2;2;5;1;4;2;3;4;3;4;1;1;3;4;2;4;3;2;2;4;1;4;4;1;4;5;4;5;4;4;3;3;3;4;2;2;2;2;2;4;4;3;1;1;4;1;4;1;1;3;3;3;2;1
1;13;10;13;13;2;2;1;1;2;1;2;5;2;5;5;1;2;2;5;5;2;2;5;1;5;1;3;3;3;4;1;1;3;4;1;4;3;1;3;3;1;3;4;1;4;5;5;5;5;4;5;5;5;5;5;5;5;1;5;4;5;1;1;1;3;2;2;2;2;2;2;2;1;3
3;1;10;7;6;1;2;3;2;3;2;2;3;1;1;5;1;1;2;5;1;1;5;5;5;1;2;4;1;2;4;1;1;4;2;1;4;4;1;1;3;2;4;4;1;4;4;5;5;5;5;5;5;5;5;5;5;5;5;5;5;5;5;1;2;3;1;1;1;1;3;2;4;1;2
3;8;12;9;10;2;2;2;2;2;2;2;4;1;1;4;1;2;2;5;5;2;2;5;1;1;1;4;3;3;2;2;2;3;2;2;2;2;3;2;3;2;2;2;2;3;3;5;5;5;4;4;5;4;3;3;4;3;3;3;3;3;4;2;2;2;2;2;2;2;2;3;3;1;2
3;13;10;11;6;2;2;2;3;2;2;3;4;4;4;3;3;2;4;4;2;2;4;3;2;2;2;2;3;4;2;2;2;2;2;3;1;1;4;2;2;3;2;2;4;2;3;5;5;4;4;3;3;3;2;1;2;1;1;2;1;1;1;3;2;3;3;2;3;3;2;3;2;1;3
1;18;13;11;15;4;2;5;3;2;3;4;4;2;2;5;1;2;2;3;2;2;4;5;5;3;3;3;2;4;3;2;2;4;3;3;3;3;2;3;4;3;3;3;2;3;4;5;5;5;4;5;5;3;3;2;4;3;2;3;4;3;2;2;2;3;2;2;2;2;3;3;3;3;2
1;15;14;14;16;2;2;2;2;1;2;2;2;2;3;3;3;3;4;4;3;3;3;3;2;2;1;3;4;4;3;2;2;4;3;2;4;3;2;3;4;1;3;4;1;4;5;5;5;5;4;5;4;4;5;5;4;4;3;5;5;5;3;2;2;3;2;4;2;2;2;4;3;3;1
2;8;13;13;11;4;3;2;3;2;1;5;5;1;5;3;4;2;2;3;5;4;2;2;4;3;3;2;3;3;3;2;2;3;3;3;2;1;3;2;3;3;4;4;3;2;5;5;5;5;3;3;3;3;3;2;2;3;1;3;1;1;1;2;2;3;2;3;2;3;3;3;2;1;3
2;6;15;7;7;3;2;4;3;3;3;5;4;3;2;5;3;2;2;3;4;2;2;5;2;3;3;3;3;4;3;1;1;3;2;3;3;3;2;3;3;4;3;4;1;4;4;5;5;5;3;5;5;3;4;2;3;3;2;2;3;2;1;2;3;3;2;1;2;3;3;3;2;1;3
2;0;10;5;7;3;3;5;5;5;5;3;5;5;1;3;3;2;1;2;5;5;3;1;5;5;3;2;1;3;3;2;3;2;2;4;2;2;4;3;2;3;1;1;3;1;5;5;5;5;3;3;2;1;1;1;4;4;4;1;3;1;1;3;4;1;3;1;3;4;1;2;2;1;3
2;1;6;9;8;4;3;2;4;2;1;4;2;4;4;5;3;2;4;3;3;2;3;5;1;2;3;3;2;4;3;3;3;3;3;2;2;2;3;3;3;2;2;3;3;3;3;2;4;4;1;2;3;3;4;4;2;3;4;4;4;4;4;3;2;2;2;1;3;4;4;4;1;1;3
3;8;10;11;11;5;3;5;5;4;4;3;5;4;3;5;3;4;5;3;4;3;2;5;1;1;3;2;2;4;2;3;3;3;2;3;2;2;3;3;2;3;2;2;4;2;4;5;5;5;2;3;5;2;2;1;3;1;3;2;4;2;1;1;2;3;3;2;2;3;3;3;3;1;3
2;2;6;5;0;1;2;3;4;5;3;4;4;3;2;3;2;3;2;2;2;3;2;3;1;3;3;3;4;3;3;2;1;3;3;1;3;3;1;3;2;1;3;3;1;2;5;3;3;1;3;5;3;5;1;1;5;5;5;3;5;4;5;2;3;2;1;1;1;1;1;3;4;2;3
2;4;1;7;7;1;3;2;3;2;2;3;4;3;3;5;3;3;2;3;5;3;1;5;1;3;2;3;3;3;3;3;3;3;4;3;2;3;3;3;3;2;2;3;3;3;4;5;5;5;4;4;4;5;5;4;5;3;4;3;3;3;3;1;2;3;2;2;2;1;3;2;2;1;3
1;5;12;13;6;3;2;2;2;3;2;3;2;1;1;5;2;3;1;4;4;3;4;3;2;2;2;3;4;4;4;3;2;4;3;2;3;4;2;3;4;2;4;4;2;4;5;5;5;5;5;5;5;5;5;5;5;5;4;5;5;5;3;2;2;3;2;3;2;2;3;3;3;1;3
1;7;12;11;11;2;3;1;2;2;3;4;5;4;2;1;1;2;2;4;5;2;1;3;2;1;2;3;4;3;4;2;2;4;4;2;3;4;2;3;3;2;4;4;1;4;5;5;5;5;4;4;4;5;5;5;5;5;5;3;5;4;4;2;2;3;2;3;2;1;4;3;4;3;1
1;23;16;15;12;1;2;1;1;2;3;2;4;2;1;4;2;2;2;4;4;2;1;5;1;3;2;3;3;4;4;2;2;3;2;2;3;3;2;3;3;2;2;3;2;3;5;4;5;4;4;5;5;4;4;4;2;4;3;4;5;4;2;1;2;3;2;3;2;2;2;4;4;3;1
3;8;10;7;6;2;2;3;3;2;4;5;2;1;1;5;1;1;1;5;1;5;5;5;1;1;1;4;2;4;3;2;2;4;4;3;3;4;3;2;4;4;4;2;2;4;4;5;4;5;5;4;5;5;4;4;4;3;2;3;2;5;4;1;2;2;1;2;2;1;3;4;3;1;2
3;5;11;7;7;2;1; ; ; ; ;2;1;1;1;5;1;2;5; ;2; ;2; ;1;1;1;2;1;4;4;1;1;4;4;1;4;4;1;4;1;2;4;4;1;4;5;5;5;5;5;5;4;1;3;5;5;5;5;2;5;3;1;3;2;4;1;1;2;3;2;4;2;3;1
3;12;12;11;4;3;3;3;3;2;2;2;3;1;1;5;2;3;2;3;2;3;2;5;2;1;3;2;3;4;4;2;2;4;4;3;3;4;1;3;3;2;3;4;2;4;4;5;3;5;3;4;5;2;2;2;3;2;3;3;3;2;3;2;3;3;2;2;1;2;2;3;3;1;2
1;4;12;11;11;3;3;2;3;2;2;3;5;2;4;4;2;1;2;4;5;2;4;4;2;3;3;3;3;4;3;2;2;4;3;4;3;3;4;4;3;3;4;4;2;4;5;5;5;5;4;5;5;5;5;3;5;4;5;4;4;2;4;2;2;3;2;2;3;2;2;2;3;1;3
1;14;13;13;11;2;2;2;4;2;3;4;4;4;2;2;2;2;2;4;4;1;4;4;2;2;3;3;3;3;4;2;2;3;3;3;3;3;3;2;3;3;3;3;2;2;4;5;5;5;5;5;5;3;3;4;3;4;5;3;5;4;3;2;2;3;2;2;2;3;2;2;2;1;3
1;6;8;9;7;2;2;2;2;2;2;2;2;4;2;4;2;2;1;2;1;2;2;4;2;2;2;3;3;3;3;3;2;3;2;3;2;3;1;2;3;2;3;3;2;3;5;4;3;5;4;4;4;3;3;2;4;4;4;3;4;3;3;2;2;3;2;2;2;2;3;3;3;1;3
2;7;15;13;12;3;2;2;4;3;2;2;1;2;2;5;2;3;2;2;1;2;2;5;2;2;3;3;2;4;3;3;2;4;3;4;3;2;2;1;3;2;4;1;2;3;3;4;2;5;2;3;4;4;3;5;4;5;3;4;4;4;2;2;1;4;1;1;2;2;1;4;4;1;3
2;3;15;11;10;2;2;2;2;2;3;2;2;2;2;3;2;2;2;3;4;4;2;5;1;2;2;2;3;4;3;3;2;3;4;2;3;3;3;2;2;2;4;4;2;3;3;4;5;4;3;3;3;3;3;3;3;3;2;3;2;4;3;2;2;3;3;2;2;3;2;2;3;1;2
3;4;9;5;6;3;2;1;2;2;2;3;3;2;1;4;2;2;4;3;5;2;2;5;5;2;3;3;2;4;3;3;2;1;4;3;2;3;2;1;3;2;3;3;1;3;4;3;4;3;5;4;1;2;5;3;4;5;1;4;3;2;1;2;1;3;1;3;2;1;2;3;3;1;3
3;12;10;9;11;1;1;1;3;2;1;1;2;1;1;3;1;2;1;5;4;1;4;3;1;1;1;3;1;4;4;1;1;4;4;1;4;4;1;3;4;1;4;3;1;4;4;5;5;5;5;4;5;4;3;3;4;4;3;3;4;5;2;1;2;4;2;4;1;1;4;4;4;1;3
1;18;16;14;14;2;2;2;3;2;2;4;4;4;2;2;4;2;2;5;2;3;4;4;4;2;3;2;2;4;3;2;2;4;4;2;3;3;3;3;3;3;4;3;2;3;4;4;5;5;3;3;3;5;5;5;4;4;4;4;4;5;4;1;2;3;2;3;2;2;2;3;3;3;1
3;4;10;9;6;2;3;2;5;2;3;3;5;2;3;5;3;2;2;3;3;4;2;5;3;5;2;3;4;4;3;2;2;4;3;3;4;3;2;1;4;2;4;3;2;4;5;5;4;4;3;4;3;2;4;4;3;2;2;3;4;3;1;2;2;3;1;1;2;2;4;3;3;1;3
3;17;19;14;11;2;3;4;5;2;2;1;4;3;2;5;3;4;4;2;4;4;2;5;4;4;1;3;3;3;2;2;2;4;3;1;2;3;3;1;3;2;3;2;2;3;4;2;4;5;3;4;3;5;5;5;3;2;1;2;1;2;3;2;2;3;2;2;1;2;2;2;2;3;1
3;5;8;7;7;2;3;2;3;4;3;1;3;2;3;4;3;3;3;2;2;3;1;3;3;1;2;2;3;3;4;1;2;3;1;1;2;3;3;3;3;1;4;3;1;3;4;3;2;3;4;4;3;5;4;4;3;5;4;4;4;2;2;2;2;3;2;2;2;2;2;3;3;1;3
3;10;12;14;9;5;3;5;5;1;1;3;1;1;1;3;5;3;1;1;1;3;2;5;5;1;1;1;3;4;1;1;1;4;1;1;1;3;2;1;3;2;1;3;3;3;5;5;5;5;5;5;5;5;5;5;5;5;5;5;5;1;1;1;1;4;1;1;2;2;4;4;4;2;2
2;4;5;3;9;4;2;1;2;2;2;4;4;4;2;5;2;1;5;2;2;2;2;5;2;1;2;3;3;3;3;2;2;3;2;2;3;3;2;2;3;2;2;3;2;3;4;3;4;4;3;2;3;3;2;1;2;3;3;2;3;1;1;1;1;3;2;1;1;1;1;3;3;1;3
2;1;12;11;8;3;2;2;2;1;2;4;5;3;2;5;3;2;4;3;3;2;3;5;2;4;3;1;3;3;4;3;3;3;2;3;2;4;2;3;2;3;2;3;2;2;5;5;5;5;3;5;4;3;4;3;4;5;4;3;4;4;2;2;2;4;2;3;2;2;2;3;3;1;2
2;13;12;7;9;3;3;2;2;3;2;2;3;2;2;5;3;2;2;3;3;2;3;5;1;2;2;3;2;3;4;2;1;4;2;2;3;3;2;1;3;2;3;3;1;3;4;5;4;5;5;4;4;2;2;1;2;2;2;2;3;2;1;1;2;3;2;2;2;3;2;3;4;1;3
1;29;19;11;16;3;2;2;3;2;3;2;2;4;3;4;4;3;2;4;2;3;4;4;4;3;2;3;3;4;3;2;2;3;2;2;3;3;2;2;3;2;2;3;1;3;3;3;4;4;4;5;3;3;4;5;3;2;2;3;4;4;3;2;1;2;2;3;2;3;3;3;3;3;1
1;11;15;14;19;4;2;3;4;3;3;2;4;3;4;4;4;4;2;4;4;4;3;3;4;4;2;3;4;4;3;2;3;4;3;2;3;3;3;3;3;2;3;3;2;4;5;5;5;5;4;5;4;5;5;5;3;3;4;5;3;5;3;2;2;4;1;3;2;3;2;3;3;3;1
3;12;13;9;10;5;2;5;5;1;4;4;5;1;1;5;4;2;5;3;4;2;1;2;4;1;2;1;3;4;4;2;2;3;4;3;2;4;2;4;3;2;4;3;1;4;5;5;5;5;5;4;5;5;5;5;5;4;5;4;5;2;1;1;2;4;3;3;2;2;3;3;2;1;2
3;4;8;5;4;1;2;2;2;2;2;2;2;2;1;3;2;2;3;2;2;3;2;4;1;1;2;3;2;4;3;1;2;4;2;2;3;3;2;1;3;1;3;3;1;3;4;5;3;4;3;3;4;3;4;3;4;3;2;3;3;5;3;2;2;2;1;2;1;2;2;3;3;1;3
3;0;5;5;7;3;2;4;3;5;3;3;3;4;3;4;3;2;2;4;2;2;3;3;3;3;3;4;3;4;4;2;2;4;4;2;3;4;2;3;4;1;3;3;4;3;4;3;3;4;5;5;5;4;2;2;2;2;3;3;2;4;2;2;3;3;1;2;3;3;2;2;3;1;3
1;13;16;11;13;2;2;2;3;2;3;4;4;4;3;4;3;2;2;5;4;3;2;5;1;2;2;4;4;4;4;2;2;3;4;1;3;4;1;3;4;2;3;4;1;4;4;5;3;5;5;4;3;4;5;5;3;4;2;2;5;3;1;1;2;4;3;3;1;2;2;4;4;2;2
1;8;12;9;6;1;1;2;1;1;1;3;3;5;3;4;2;2;2;5;1;1;1;3;3;2;2;3;3;3;3;3;2;3;3;2;3;3;2;3;3;2;3;3;1;2;3;4;3;4;3;3;4;3;2;2;2;2;3;3;3;3;1;1;1;3;1;4;1;1;2;3;3;2;2
1;14;11;11;9;2;3;5;3;5;2;2;4;2;2;4;4;4;2;3;4;4;2;1;4;3;3;2;2;3;3;3;3;4;2;2;2;3;2;4;3;3;2;2;3;2;2;5;4;4;3;3;3;2;2;2;3;3;5;2;4;3;2;2;2;2;2;3;2;2;3;3;3;2;2
2;14;13;13;7;4;2;2;2;2;2;2;4;1;4;4;2;2;2;4;4;2;2;1;4;4;2;2;3;4;4;2;2;3;2;2;3;3;2;4;3;2;2;3;2;3;5;3;3;3;2;3;4;5;5;5;3;2;2;4;3;4;4;1;1;4;1;3;1;1;3;3;3;2;2
2;9;15;13;10;2;2;1;2;2;1;1;3;3;4;2;1;3;4;3;5;2;5;5;2;2;1;4;4;4;4;1;1;4;4;1;4;3;1;4;4;1;4;4;1;4;5;4;5;5;3;4;5;4;4;4;5;5;4;5;4;5;4;2;2;4;1;4;1;2;3;4;4;3;1
2;13;15;15;12;2;3;1;2;2;3;1;4;2;2;5;3;2;2;3;5;3;1;3;2;3;2;3;2;3;3;2;3;4;2;1;2;4;2;1;3;2;4;3;2;3;5;3;5;5;3;4;4;3;2;2;2;3;1;1;3;3;2;2;2;3;1;4;3;4;2;4;3;1;2
2;6;13;11;8;2;3;1;2;1;1;2;4;4;2;2;3;2;1;3;4;2;4;5;1;2;2;3;3;4;4;2;2;4;3;2;3;4;1;3;4;2;3;4;2;3;4;5;5;5;4;5;5;3;3;3;3;2;4;2;3;4;1;1;2;3;2;3;2;2;2;3;3;2;2
3;4;9;5;7;2;2;3;3;2;2;2;3;4;4;4;2;3;2;5;3;2;3;5;2;4;3;2;3;4;2;2;1;4;3;3;2;2;3;3;3;2;4;3;2;4;4;3;5;5;4;4;3;3;4;3;3;3;3;4;4;4;2;2;2;4;2;2;2;3;2;3;4;1;3
3;9;10;7;6;5;2;2;3;4;3;4;4;5;4;5;2;3;2;5;2;2;4;5;2;5;2;3;4;4;4;1;2;4;3;2;3;4;2;1;3;2;3;3;2;4;4;5;5;5;4;4;5;5;5;5;5;5;5;4;4;5;5;2;2;3;2;2;2;2;2;4;4;1;3
2;14;15;11;11;1;2;1;1;1;1;1;4;2;2;2;2;2;1;4;4;2;2;5;2;2;2;3;4;4;3;1;2;4;4;2;3;3;3;3;4;2;3;3;2;4;5;3;4;4;2;3;4;5;5;5;3;3;3;3;4;5;3;3;2;3;2;2;2;2;2;1;1;1;2
2;20;17;13;15;2;3;2;3;2;2;2;2;4;2;3;2;2;2;4;4;2;2;4;2;2;2;3;3;4;3;2;2;3;2;2;3;3;2;3;3;2;3;3;1;3;4;4;5;5;4;4;4;4;4;4;4;5;5;5;4;5;3;1;2;3;2;3;2;2;2;3;3;3;1
2;0;12;5;6;1;1;1;1;1;1;1;1;1;1;4;1;1;1;1;3;1;1;3;3;1;1;4;1;4;4;1;1;4;4;1;4;4;1;1;4;1;4;4;1;4;5;5;5;5;5;5;5;5;5;5;5;5;5;5;5;5;5;1;1;1;1;1;1;1;1;1;1;1;2
2;6;16;13;15;2;2;3;2;1;1;2;1;3;2;4;3;4;3;3;4;2;4;5;1;3;3;2;2;3;2;3;3;4;2;3;2;3;2;2;3;4;3;2;3;2;3;4;4;3;2;2;2;1;1;1;2;2;3;2;2;2;3;2;3;3;3;3;1;1;3;2;1;1;2
1;10;17;14;11;2;3;2;3;1;2;3;2;3;2;3;3;3;3;3;4;3;2;4;2;2;2;3;3;3;3;2;2;3;3;2;3;3;2;3;3;2;3;3;2;3;5;4;5;5;4;4;4;3;3;3;3;3;3;2;4;3;4;2;2;3;2;2;2;2;2;2;2;3;1
1;5;13;13;10;1;2;1;4;2;1;1;1;1;5;5;4;1;2;2;5;2;2;5;1;2;2;4;4;4;4;2;2;4;4;2;3;3;3;3;3;2;4;4;2;4;5;5;5;5;5;5;3;3;3;2;2;3;3;3;5;5;5;2;2;3;1;4;2;2;2;3;2;1;3
3;7;11;13;8;2;3;2;3;3;3;3;3;4;2;4;2;2;2;3;4;3;2;5;1;2;2;3;2;3;3;2;2;4;3;1;3;3;2;1;3;1;4;3;2;4;3;4;4;5;2;4;3;1;1;1;2;1;2;1;3;1;2;2;3;3;2;2;1;1;2;3;4;1;2
1;12;6;7;9;1;2;1;2;1;2;1;1;2;4;1;2;4;2;4;2;2;1;5;1;1;2;3;4;2;3;2;2;3;4;2;3;3;2;2;3;2;3;3;1;3;3;5;4;3;2;4;4;2;2;2;3;3;2;2;5;2;2;1;1;3;2;4;1;2;1;3;3;2;2
1;4;13;11;11;4;2;4;3;2;2;3;4;4;4;2;4;2;3;4;5;2;2;3;4;3;3;3;4;4;3;3;2;4;3;3;3;3;2;2;3;3;3;4;3;4;4;5;5;4;3;3;4;2;3;3;3;4;3;3;4;2;3;2;2;3;2;2;3;2;3;3;3;1;3
2;16;15;15;12;4;3;4;5;3;4;3;3;4;1;2;3;2;1;3;2;2;3;5;3;2;2;3;3;3;4;1;2;4;3;1;1;4;1;1;3;1;2;2;1;3;5;5;5;5;5;5;5;5;5;5;3;4;3;4;5;3;3;1;1;3;1;3;1;2;2;2;2;1;3
2;3;10;7;12;4;2;2;3;2;2;2;3;5;1;3;1;2;1;3;2;2;5;4;1;1;1;3;2;4;3;4;1;4;3;2;4;3;2;1;4;1;3;4;1;4;2;5;5;5;2;5;5;2;5;2;4;5;2;4;5;5;2;2;2;3;2;3;1;1;2;3;3;1;3
2;7;12;9;12;2;2;1;4;2;2;2;5;3;2;5;2;2;5;2;2;2;1;5;1;1;2;2;3;4;3;2;3;4;3;3;2;2;3;2;3;3;2;2;1;2;3;5;5;4;2;4;4;2;1;1;1;1;2;1;3;2;1;2;2;3;2;2;2;3;2;1;1;1;3
2;8;11;9;8;2;2;1;2;2;3;2;2;1;1;5;2;2;1;3;3;2;2;3;2;1;2;3;3;3;3;2;2;3;3;2;2;3;2;1;3;2;3;3;1;3;4;5;5;5;5;4;4;5;4;4;4;4;3;2;5;1;1;2;2;3;2;3;2;2;2;4;4;1;2
3;6;6;7;6;3;2;3;3;5;3;1;3;2;2;5;3;3;1;3;3;3;2;5;3;1;1;3;2;4;3;1;1;4;4;1;3;4;2;3;3;3;3;4;1;4;4;4;3;3;3;2;2;4;4;4;4;4;3;3;4;3;2;2;2;3;2;2;1;1;2;4;4;1;3
3;13;15;7;12;1;4;1;1;1;3;1;5;1;2;5;5;5;5;2;5;5;1;5;1;1;2;3;2;4;3;3;4;4;4;3;2;3;2;2;4;2;4;3;4;4;5;5;5;5;2;4;5;3;5;5;4;5;2;1;3;1;4;3;2;3;2;1;2;2;1;4;3;2;2
3;8;10;13;7;2;3;2;3;4;4;5;5;1;1;5;4;4;5;3;1;3;5;5;5;5;3;2;2;4;3;3;4;1;1;4;1;4;3;3;1;4;1;1;4;2;1;3;5;5;4;3;3;1;2;1;3;3;3;2;3;2;1;4;3;1;3;1;3;4;2;1;1;1;3
3;3;8;5;8;2;2;2;3;2;2;1;3;3;1;5;2;3;3;2;3;3;4;5;1;5;2;3;1;4;3;2;3;1;3;1;3;2;3;1;3;2;3;4;2;4;4;5;5;4;4;4;5;3;5;2;3;4;2;1;4;3;2;1;2;4;2;1;2;2;2;4;4;1;3
3;7;10;5;0;3;2;1;1;2;3;2;5;1;1;4;2;2;4;4;2;2;2;5;1;1;2;3;2;4;3;2;2;3;2;3;2;4;1;1;3;2;2;3;1;3;5;5;5;3;5;5;5;3;4;5;3;3;2;3;2;1;1;1;2;3;2;2;2;1;2;2;2;1;3
1;7;10;7;10;3;3;2;2;4;3;2;3;4;4;4;4;4;1;4;2;4;2;2;4;3;2;3;3;4;3;3;2;3;2;2;3;2;3;1;3;2;2;1;3;3;4;3;4;3;1;2;2;3;3;2;2;3;3;4;3;4;3;2;2;3;2;4;2;2;2;3;3;1;3
1;8;13;9;12;4;2;3;4;4;3;1;3;4;2;3;2;2;2;5;3;2;3;1;1;2;2;3;3;3;3;2;2;3;4;3;3;3;2;2;4;2;3;4;3;3;5;5;5;5;4;4;4;5;5;5;5;4;3;4;5;5;3;1;2;3;2;3;2;2;3;3;4;1;3
2;6;13;5;9;3;4;2;2;3;3;3;4;3;2;5;2;2;2;3;3;4;3;4;2;2;2;3;3;4;3;2;2;3;4;2;3;3;2;3;4;2;3;3;2;4;4;5;5;5;3;4;3;5;2;2;3;2;2;3;3;3;4;1;1;4;1;3;2;2;3;4;4;1;2
2;15;16;15;11;3;2;1;3;1;1;1;4;5;2;4;2;4;1;5;3;4;4;5;1;5;2;4;4;4;4;1;1;3;3;1;4;3;3;4;4;1;3;4;1;4;4;5;5;5;4;4;4;2;3;3;4;4;4;2;3;5;2;2;2;3;2;2;2;3;3;3;3;2;1
2;12;12;14;13;2;2;1;2;1;2;3;1;2;2;1;2;1;1;4;4;1;4;5;1;1;2;3;4;4;4;1;2;4;4;3;3;3;2;3;3;3;4;4;3;4;5;5;5;5;4;5;4;5;4;4;4;5;5;4;5;5;4;1;1;4;1;4;1;2;1;4;4;1;3
1;15;17;14;13;4;3;4;3;2;2;2;2;2;1;4;3;2;2;4;2;2;2;2;4;4;2;3;3;4;3;2;1;3;2;2;3;3;2;2;3;2;3;3;2;3;3;5;5;5;4;4;5;4;4;4;5;4;5;4;5;4;4;3;2;3;2;3;2;3;2;2;2;2;2
3;6;4;7;4;3;2;3;3;3;2;3;3;4;4;4;4;2;3;4;2;2;4;3;3;5;3;1;3;3;4;2;2;4;2;3;2;2;3;2;3;2;3;3;2;4;4;5;5;5;3;3;3;4;5;5;3;3;2;2;3;5;1;2;3;3;2;3;3;3;2;3;2;1;3
1;14;16;13;16;2;2;2;2;2;2;4;2;4;4;3;4;2;2;3;4;4;4;4;2;1;3;3;3;4;4;2;2;4;3;3;3;4;1;3;3;3;3;4;1;4;3;4;4;4;3;4;2;1;2;2;2;2;2;2;3;2;3;2;2;3;2;3;2;3;2;3;4;3;1
1;8;11;11;12;3;3;2;2;2;3;3;2;4;3;3;3;2;2;4;2;2;4;4;2;2;1;3;3;4;3;2;3;4;3;2;3;3;2;3;3;2;3;4;2;4;2;5;5;5;4;4;4;4;3;3;4;4;4;5;4;4;2;2;3;4;2;3;2;3;2;1;1;1;2
1;23;13;11;12;4;2;2;4;2;3;1;4;2;3;1;2;2;2;4;5;4;2;2;4;2;2;3;4;4;3;2;3;3;2;2;1;3;3;2;3;3;2;3;3;3;4;4;5;5;1;3;4;3;2;3;4;2;4;5;4;5;3;2;2;3;2;4;2;2;3;2;2;1;2
2;17;16;13;13;1;4;1;1;1;2;1;1;1;1;4;4;2;2;4;4;2;2;2;2;1;1;2;4;4;4;1;1;4;3;1;3;4;1;4;4;1;3;4;1;4;5;5;3;5;5;5;5;3;4;1;3;4;4;1;5;5;2;2;2;4;2;4;2;2;3;3;4;3;1
2;2;8;7;7;1;2;1;4;4;2;4;4;4;2;2;2;2;4;2;1;2;3;3;2;2;3;3;1;4;1;1;2;3;3;2;3;4;2;4;4;2;3;3;2;3;5;5;5;5;4;4;5;3;5;5;4;4;3;3;3;3;3;2;2;3;2;2;2;2;1;2;4;1;2
2;11;9;13;12;2;1;1;2;2;4;2;4;2;2;5;2;2;2;4;2;2;2;5;1;1;2;3;2;3;2;2;2;3;2;2;2;3;2;2;3;2;2;2;2;3;3;5;4;4;3;3;4;4;5;5;3;4;2;3;2;2;1;2;2;3;2;3;2;2;2;3;3;1;3
2;8;15;15;9;4;3;2;2;1;3;2;4;2;1;5;3;2;2;4;5;3;4;5;1;2;2;3;4;4;3;2;1;4;3;2;2;4;2;4;4;2;3;4;2;4;4;5;5;5;3;4;5;4;3;2;3;3;4;2;2;3;4;1;2;4;2;3;2;2;3;3;4;2;2
3;1;5;7;2;4;1;1;5;5;2;5;4;1;1;2;1;2;1;5;1;2;2;5;1;1;2;2;4;3;4;1;1;4;4;1;3;4;1;3;3;1;4;4;1;3;2;5;2;5;4;5;5;5;5;5;5;5;3;5;2;3;2;1;1;4;1;2;1;1;4;1;1;1;3
3;5;6;11;4;3;2;3;3;3;3;3;3;3;2;3;1;3;3;4;3;3;1;5;1;1;1;3;1;4;4;2;2;4;1;1;1;3;2;1;3;1;1;1;1;2;4;3;5;4;3;3;3;2;3;2;3;2;3;2;3;4;4;2;2;3;2;1;2;2;2;3;3;1;3
3;5;12;11;6;1;1;2;3;3;1;1;5;5;5;5;4;4;1;5;2;4;1;5;1;1;1;3;4;4;4;1;1;4;4;1;4;3;3;1;3;1;4;1;1;4;5;5;5;5;3;5;5;5;5;5;3;3;1;3;3;5;1;1;1;4;1;2;3;4;2;4;3;1;2
3;11;11;11;8;3;4;5;4;5;4;4;3;5;5;3;3;4;4;3;2;3;5;5;5;1;3;2;2;3;2;3;2;2;1;3;1;2;2;3;2;3;2;2;3;1;2;4;2;3;1;3;1;2;2;1;1;2;3;2;1;1;1;3;3;1;2;1;1;2;1;1;1;2;2
2;22;15;13;8;5;3;4;5;5;3;4;5;3;2;3;3;2;3;3;4;2;2;5;5;4;3;2;2;4;2;3;2;3;2;3;3;2;3;2;3;3;3;3;2;3;3;4;5;5;4;4;4;4;3;2;2;2;1;1;1;3;2;2;3;2;2;3;3;3;2;2;1;1;3
2;34;16;11;15;2;2;2;2;2;2;2;2;2;2;5;2;2;2;3;2;3;3;5;2;2;1;3;2;4;4;1;2;3;4;1;3;3;2;3;4;2;4;3;2;3;5;4;5;5;4;4;5;4;5;5;4;4;3;3;3;4;5;2;2;3;1;3;2;3;3;2;2;3;1
2;3;12;9;9;3;2;2;2;3;3;2;4;3;3;5;3;3;4;4;4;3;2;5;2;2;3;2;3;4;4;2;2;4;3;3;4;3;2;3;4;3;4;4;2;3;4;5;4;5;3;4;4;3;3;3;4;3;2;3;3;3;3;3;2;3;2;1;2;2;3;2;3;1;3
2;10;5;7;4;3;2;1;1;3;1;2;3;2;3;1;1;2;4;3;2;3;1;2;1;2;3;1;3;3;1;1;1;2;1;3;1;2;3;1;2;2;2;2;1;3;4;5;5;4;3;5;4;3;2;2;4;4;3;3;3;2;2;2;2;3;2;3;2;2;3;3;3;1;3
1;20;16;13;11;3;3;4;4;2;2;2;5;4;2;2;3;3;2;4;4;3;2;3;3;4;3;3;3;4;2;3;3;4;2;2;3;3;3;2;4;2;3;4;2;3;5;5;5;5;3;3;2;1;2;1;3;3;4;3;4;5;1;2;2;3;2;1;1;1;2;3;3;2;1
1;20;14;14;9;2;2;2;2;3;3;2;1;2;2;3;1;2;2;5;4;2;2;5;2;1;2;4;4;3;4;1;1;4;4;2;4;4;1;3;4;2;3;3;1;4;4;5;5;5;5;5;5;3;4;1;3;2;3;3;5;4;4;2;2;4;2;3;2;2;2;4;4;2;2
1;10;12;11;12;3;2;2;3;3;2;2;2;2;2;2;2;3;2;5;5;4;4;4;2;2;2;3;3;3;4;2;1;4;4;1;3;3;2;3;3;2;4;4;2;4;4;5;5;5;2;3;3;5;5;5;5;5;3;4;3;4;2;2;2;3;2;2;2;2;3;4;4;1;3
2;13;12;14;13;3;2;2;4;2;3;3;2;3;4;5;2;2;3;2;3;4;2;2;4;4;3;2;2;2;2;3;3;3;2;3;2;2;3;2;3;3;4;2;2;3;5;3;5;5;2;3;2;2;2;2;4;2;2;2;3;4;2;2;2;3;2;3;2;2;2;3;3;1;3
2;24;12;14;9;2;2;2;3;2;2;1;4;2;2;2;2;4;2;4;4;2;4;5;1;2;1;3;3;4;3;2;3;4;3;2;3;4;1;2;4;1;3;3;1;4;3;5;5;5;5;5;4;3;3;3;4;3;3;2;3;2;3;1;1;3;2;4;1;1;3;4;3;2;1
3;8;8;9;7;2;3;3;3;2;3;2;4;5;2;5;2;1;2;3;2;2;3;4;2;3;1;3;2;4;4;1;1;4;3;1;4;3;1;1;4;1;4;4;2;4;4;5;3;5;4;3;4;2;3;1;4;5;3;3;3;4;3;2;1;3;2;2;2;1;3;3;3;1;2
3;1;6;7;4;2;1;1;2;1;1;1;4;1;1;2;1;1;1;1;1;1;1;5;1;1;1;1;3;4;4;1;1;3;2;1;3;4;2;1;3;2;3;2;1;3;1;5;5;5;5;5;5;5;1;1;5;5;1;1;3;1;2;1;1;4;1;4;3;1;1;4;2;1;1
3;4;8;11;6;2;2;2;2;2;2;2;5;5;2;3;4;4;1;4;1;4;1;5;1;2;2;2;3;3;4;2;1;4;4;3;1;4;3;1;4;1;2;4;2;4;4;1;1;3;1;2;2;5;4;5;4;2;2;4;3;2;1;2;2;4;1;2;1;1;3;2;2;1;3
2;5;11;11;6;2;2;1;2;1;2;2;3;3;2;3;1;2;1;5;2;2;4;5;1;2;1;3;3;4;3;1;1;3;3;1;3;4;1;4;3;1;3;4;1;4;4;5;5;5;3;4;4;2;4;4;4;3;3;1;4;2;2;1;2;4;1;3;1;2;3;4;4;1;2
2;9;10;14;6;2;3;2;3;4;3;2;3;4;3;5;2;1;1;4;1;2;2;3;3;3;1;2;3;4;3;2;4;2;2;2;2;3;3;2;3;2;2;2;2;2;4;5;5;4;5;3;5;4;3;2;3;1;1;1;2;5;5;1;1;4;1;2;2;2;3;4;4;3;1
1;7;14;11;19;4;3;2;4;4;3;2;4;2;4;5;3;2;2;5;4;2;3;4;2;3;2;3;4;4;4;2;3;4;4;2;3;4;1;3;3;2;4;3;2;3;5;5;5;5;4;4;4;5;4;4;3;3;2;4;4;5;4;2;2;3;2;3;2;2;3;3;3;2;3
1;15;14;13;14;2;2;1;2;2;2;1;2;2;2;5;2;2;1;4;4;2;4;4;2;1;2;4;3;4;3;2;1;4;3;2;4;3;2;2;4;2;4;3;1;4;5;5;5;5;3;4;5;3;4;5;4;4;3;4;4;3;5;2;2;4;1;2;2;2;3;4;4;1;2
1;6;15;13;9;4;2;4;3;2;4;4;2;4;4;3;2;2;2;4;3;2;4;3;4;3;2;3;4;3;3;3;3;3;3;2;2;2;3;2;3;3;3;4;2;3;3;5;5;5;3;3;3;2;3;2;3;2;2;3;4;3;2;2;2;3;2;3;2;2;3;3;2;2;2
3;13;11;15;12;4;3;5;5;4;3;3;4;3;3;5;3;3;4;4;4;3;2;5;2;5;3;3;2;3;3;2;2;3;2;2;3;3;3;2;3;2;3;4;2;4;5;5;5;5;3;4;3;3;5;3;4;2;2;2;5;4;1;1;2;3;2;3;2;2;2;4;3;1;2
3;2;9;2;6;3;2;5;2;4;2;3;5;2;4;5;1;2;1;2;4;3;3;5;2;1;1;2;4;4;4;1;1;4;4;2;3;3;3;2;3;2;3;4;1;4;4;5;5;5;5;5;5;5;5;5;5;5;5;3;5;5;3;1;2;2;1;2;2;1;2;2;2;1;1
1;12;9;11;10;3;2;3;2;5;3;2;1;2;1;1;1;1;1;1;3;2;2;5;2;2;2;4;4;4;4;2;1;4;4;2;4;3;2;1;3;1;4;3;1;4;5;5;5;5;3;5;5;5;3;1;1;5;1;1;5;3;3;2;2;4;1;4;1;1;1;4;4;1;3
2;19;15;13;7;2;2;2;2;2;3;3;2;1;2;2;2;2;3;4;4;2;4;4;2;2;3;3;4;4;3;2;2;4;3;3;3;3;3;2;4;2;3;3;3;4;4;5;5;5;4;4;4;5;5;5;4;5;4;5;4;5;2;2;2;3;2;2;2;2;2;2;2;2;2
2;6;6;11;6;2;2;2;2;2;2;2;2;3;3;4;2;2;2;4;4;2;4;4;2;2;1;3;3;4;3;1;2;4;3;1;3;4;2;1;4;1;3;4;1;4;4;4;5;5;3;3;3;4;4;4;5;5;4;4;5;4;3;2;2;3;2;2;2;2;3;3;3;1;3
3;9;13;7;8;2;3;3;3;2;3;3;4;3;2;4;2;3;4;2;2;3;2;5;1;2;2;2;2;4;3;2;2;3;2;2;3;3;2;2;3;2;3;3;2;3;3;5;5;5;4;4;4;3;2;1;3;3;1;2;3;4;3;2;2;3;2;3;3;3;2;4;4;3;1
3;5;6;7;2;1;2;2;2;2;2;1;4;1;1;5;1;2;1;3;4;2;2;3;1;1;1;3;2;4;4;1;1;4;4;1;4;4;1;1;4;1;4;4;1;4;5;5;5;5;2;3;3;5;3;3;4;4;2;5;1;5;3;1;1;3;2;3;2;1;2;4;4;1;2
3;19;14;7;10;2;3;1;3;1;2;2;2;4;4;4;2;2;3;4;4;3;4;5;3;2;2;3;4;4;4;1;2;4;3;2;3;3;2;3;4;1;3;3;1;4;5;5;5;5;4;5;4;5;5;5;3;3;3;2;4;3;3;2;2;4;1;3;2;3;2;3;2;3;1
1;10;15;11;15;4;3;2;4;2;2;2;5;5;2;3;2;2;2;4;5;3;4;5;3;2;3;3;3;3;4;2;3;3;3;2;3;3;3;3;3;2;3;3;2;2;5;5;5;5;5;5;5;5;5;5;4;4;4;3;3;3;5;2;2;3;1;3;2;3;3;3;3;1;3
1;8;12;5;9;2;3;2;2;1;4;2;1;4;4;4;2;1;2;4;4;3;1;4;2;2;2;3;3;3;2;2;3;3;3;2;3;3;2;2;3;2;3;3;2;3;4;5;5;5;3;4;4;3;4;4;5;4;2;3;4;5;3;1;2;3;2;2;2;2;2;3;3;1;2
2;13;11;11;10;3;2;1;4;5;4;3;5;3;1;5;3;2;2;3;4;3;3;5;1;2;2;3;4;4;3;1;2;3;4;2;4;3;2;1;3;1;4;3;1;4;5;5;5;4;4;5;4;5;4;5;3;5;3;3;3;4;2;1;2;3;2;1;2;2;3;4;3;1;3
2;5;12;9;11;5;2;5;5;4;3;4;3;3;2;5;3;4;4;3;2;2;2;4;5;1;2;3;2;3;4;2;3;3;3;3;2;4;2;2;3;2;3;2;2;2;4;5;5;5;4;4;5;2;4;4;5;5;4;4;5;2;2;3;2;3;2;3;2;2;2;3;3;1;2
3;6;5;7;6;2;2;2;4;2;4;2;5;5;2;3;2;2;2;3;3;2;1;4;2;1;2;4;3;3;4;1;1;3;2;3;2;3;3;1;3;2;3;2;1;3;5;5;5;5;3;3;5;5;5;5;2;4;2;4;1;4;3;2;2;4;2;2;1;1;2;4;2;1;2
2;14;12;11;8;1;2;1;2;1;1;1;2;2;2;3;2;2;2;2;2;2;3;5;2;2;2;3;4;3;3;2;2;4;2;2;3;3;2;3;4;2;4;4;1;4;5;5;5;5;5;4;5;1;2;2;4;2;2;2;5;3;2;2;2;4;2;2;2;3;3;3;4;1;2
2;5;5;11;11;2;2;2;2;3;2;3;4;3;2;4;2;2;3;3;2;1;2;5;2;2;2;3;3;4;3;2;2;4;3;2;2;3;3;2;3;2;2;2;3;3;5;5;5;5;3;4;3;5;3;2;3;4;3;4;5;3;1;1;1;4;2;2;2;2;1;1;2;1;3
2;7;9;7;8;3;2;2;2;2;3;2;5;3;4;5;2;2;2;5;4;2;3;5;2;1;2;3;2;4;3;2;3;4;2;3;2;3;3;1;3;2;2;4;2;4;3;5;5;5;3;3;3;3;3;4;4;4;4;1;3;4;4;2;2;2;2;1;2;2;3;2;3;1;3
1;17;13;13;15;2;3;4;3;1;2;2;4;4;3;4;2;3;2;3;4;3;3;1;5;2;2;3;4;4;4;2;2;4;3;2;3;3;2;2;3;2;3;3;2;3;5;5;4;5;4;5;4;5;5;5;3;4;3;2;4;4;2;2;2;3;2;3;2;2;3;4;4;1;3
1;14;16;11;13;2;4;1;2;1;2;2;1;4;2;2;3;2;2;5;5;2;2;5;1;2;2;3;4;3;4;2;2;4;4;1;4;4;1;3;4;2;3;3;2;4;5;5;5;5;5;5;5;4;4;2;5;4;5;2;5;4;3;2;2;3;1;2;2;3;2;3;3;2;1
1;12;12;13;8;2;2;1;2;1;2;1;4;4;1;1;2;1;2;5;4;2;1;5;1;5;2;3;4;3;4;1;2;4;3;1;4;4;1;1;3;1;4;4;2;4;5;5;5;5;4;5;5;1;3;3;4;5;1;2;5;3;2;1;2;4;1;3;1;2;4;4;4;1;3
3;5;8;7;6;2;1;2;4;5;1;4;5;2;1;5;1;1;4;5;5;1;2;5;1;1;2;2;3;3;3;2;2;4;4;2;4;4;1;2;4;1;3;3;1;4;5;5;5;5;3;5;5;5;2;3;5;5;2;3;5;5;4;2;3;4;1;2;1;2;3;4;4;1;3
2;7;11;9;8;4;3;2;2;4;3;2;4;3;2;5;3;4;3;3;2;4;2;2;3;3;2;2;3;4;3;2;2;3;3;2;3;3;2;2;3;2;2;3;2;3;4;5;4;5;3;4;3;4;4;3;4;4;2;3;2;2;1;2;1;3;2;2;2;2;3;3;3;1;3
2;11;12;13;11;1;2;1;2;1;2;2;1;1;2;5;2;2;1;2;4;4;2;5;1;1;2;3;4;4;4;2;2;4;1;1;1;3;2;1;3;2;2;3;2;2;5;5;5;5;4;4;4;5;5;5;5;5;4;4;4;4;3;2;2;3;2;2;2;2;2;3;3;2;2
3;4;9;5;6;2;2;2;2;4;2;2;5;1;3;5;2;3;3;5;1;2;4;5;1;2;1;2;1;4;3;2;2;3;3;1;2;3;2; ;3;1;3;4;2;3;2;3;4;2;3;4;1;4;3;3;2;4;1;3;1;2;3;2;4;3;2;3;1;2;2;3;4;1;3
3;6;11;9;6;2;2;2;3;2;2;3;5;4;4;5;1;2;2;3;1;1;5;1;2;2;1;3;4;4;3;2;1;4;4;1;3;3;2;1;3;1;3;3;1;4;4;5;5;4;2;3;3;4;5;5;4;5;2;3;1;4;1;1;2;4;2;2;1;1;1;3;4;1;2
3;0;9;5;2;4;2;3;3;3;3;2;5;5;2;5;2;2;4;3;2;4;2;3;2;5;1;3;2;4;3;2;2;4;4;1;4;4;2;1;4;1;4;4;2;3;5;5;5;5;4;5;4;4;4;4;3;4;4;3;3;1;4;3;3;4;3;2;2;3;2;3;3;1;3
3;15;14;14;8;2;2;2;4;2;3;4;5;3;1;2;3;2;1;3;4;2;4;5;1;4;3;2;1;3;4;3;2;3;3;3;3;2;4;1;3;3;2;2;3;2;5;5;4;4;3;3;3;4;3;2;2;3;3;2;3;4;3;3;3;3;2;2;3;3;2;2;1;1;3
2;17;12;14;8;3;2;2;2;2;3;1;2;1;1;3;2;2;1;4;2;2;1;5;1;1;2;4;4;4;4;2;1;4;3;2;3;3;3;3;3;2;4;3;1;4;5;5;5;5;3;3;4;5;5;5;5;5;3;5;5;5;3;2;2;3;2;2;2;2;3;3;3;1;3
1;6;11;7;11;3;2;2;2;2;2;2;3;2;1;4;2;2;1;5;3;2;5;5;2;3;2;3;1;2;3;3;1;4;3;1;3;3;2;2;3;2;3;3;2;3;4;5;4;5;4;4;4;4;3;2;4;3;4;4;4;4;2;1;1;4;2;4;1;2;2;4;4;2;2
1;12;19;11;19;3;2;2;2;2;3;4;2;4;1;2;4;1;3;4;3;2;3;3;2;2;2;3;4;3;3;2;3;4;3;3;3;3;2;3;3;2;3;4;2;4;5;5;5;5;4;5;4;3;5;5;4;4;2;4;4;5;3;1;2;3;1;3;2;2;2;2;3;3;1
3;3;5;7;8;4;4;2;4;4;5;4;5;3;5;2;4;5;4;5;5;5;2;3;3;2;3;2;3;4;2;3;3;1;2;4;1;1;1;1;2;3;1;2;3;2;1;1;3;3;1;2;1;1;3;4;3;1;2;1;2;1;2;3;4;1;3;1;4;3;1;1;1;1;3
3;5;5;5;4;3;2;1;2;2;2;2;5;2;2;2;2;3;3;4;2;2;1;5;1;1;2;3;3;3;3;3;4;3;2;2;2;3;1;3;3;2;3;3;1;3;2;4;4;4;3;3;4;4;4;4;4;3;5;3;4;2;1;2;2;3;2;2;3;2;3;3;2;1;2
1;14;15;13;11;2;2;2;2;3;3;2;4;4;3;3;4;3;4;4;4;2;4;4;2;3;3;3;3;3;4;3;2;4;2;2;2;3;3;3;3;2;1;2;2;4;3;5;4;4;1;3;3;1;1;1;4;2;2;2;4;3;3;2;2;3;2;2;2;2;3;3;3;1;3
1;17;12;15;16;2;3;1;2;1;2;2;1;4;4;2;4;1;1;5;3;3;4;5;1;2;2;3;3;4;4;2;1;4;3;1;3;4;4;3;4;1;3;4;2;4;5;5;5;5;5;5;4;5;5;4;4;5;3;5;5;4;4;1;1;4;1;4;1;1;2;4;4;3;1
1;19;14;15;19;2;3;1;2;2;4;4;4;2;2;1;5;4;5;4;5;5;2;5;2;2;3;3;4;4;3;3;3;4;1;4;1;3;2;3;2;3;2;2;3;1;5;5;4;4;4;3;2;2;3;1;3;5;3;3;3;5;2;1;2;3;1;3;2;2;3;4;4;3;1
2;21;17;18;9;3;2;2;4;2;2;2;3;4;3;4;2;4;1;5;3;2;4;4;2;2;2;3;4;4;3;2;2;3;4;2;3;3;2;3;3;2;4;3;2;4;5;4;5;5;4;4;4;5;5;5;4;3;5;3;4;5;3;1;1;3;1;3;1;2;3;3;2;2;3
2;6;13;11;4;2;2;2;2;2;2;4;3;3;3;3;3;2;2;3;2;2;2;5;2;2;3;2;1;3;3;3;3;3;3;3;2;3;2;4;3;2;3;3;2;2;4;3;4;4;4;4;3;2;2;2;4;2;2;2;2;3;1;2;2;3;2;2;1;2;1;2;3;1;3
2;19;5;13;10;4;2;2;3;2;2;2;4;2;3;5;4;2;1;3;1;3;2;4;3;4;3;2;2;3;3;3;3;3;4;3;2;2;3;2;3;3;2;3;3;2;4;5;5;5;3;3;3;4;4;3;4;2;3;2;2;2;1;3;2;2;3;2;1;2;2;2;3;1;3
3;8;10;9;9;3;2;3;3;2;3;4;5;5;1;2;1;1;4;3;1;3;3;3;3;1;2;3;4;4;4;2;2;4;4;4;4;3;3;3;3;2;4;4;2;3;2;5;5;5;5;5;5;2;3;2;2;4;1;3;5;5;3;1;1;4;2;4;3;2;3;4;4;2;3
1;22;19;11;19;2;3;1;3;2;2;3;1;4;1;2;2;2;2;4;2;2;4;4;4;3;2;3;3;3;4;2;2;4;3;2;4;3;2;4;4;2;3;4;2;3;5;5;5;5;5;5;5;4;4;4;4;4;4;3;5;5;4;2;2;4;2;3;2;2;3;4;4;2;1
1;1;9;11;12;2;3;2;2;2;3;3;4;3;2;1;2;2;1;3;5;2;2;2;1;2;2;3;3;3;3;2;2;3;3;2;3;3;3;3;4;2;3;4;2;4;5;3;5;4;4;4;4;4;3;4;4;3;3;4;3;2;2;2;2;3;2;3;2;2;3;3;3;1;3
1;15;14;9;12;2;3;2;2;2;2;1;2;3;2;4;3;2;4;4;4;4;3;4;2;2;2;3;3;4;4;2;2;4;4;2;3;3;3;3;3;2;3;4;2;3;4;5;4;5;4;4;3;3;3;3;3;3;4;2;4;2;1;2;2;3;2;2;2;2;1;4;3;3;1
1;19;16;15;14;3;3;2;2;2;3;2;4;3;2;4;3;2;4;4;4;2;4;4;4;3;2;2;2;3;2;3;3;3;2;2;3;3;3;2;3;2;3;2;3;3;2;5;5;5;3;4;4;2;3;2;3;4;3;3;4;4;2;2;3;3;2;2;2;2;1;3;2;2;1
2;0;5;2;2;4;2;5;4;4;2;3;5;1;1;3;2;5;1;2;2;1;1;5;5;4;2;2;1;4;3;2;2;3;2;2;2;2;3;3;3;2;2;2;1;2;3;3;3;3;2;2;2;5;4;2;2;2;2;3;3;5;2;1;2;2;1;1;4;4;1;1;1;1;2
2;10;6;11;8;2;3;2;3;2;2;2;4;3;2;5;2;2;2;5;3;2;3;5;1;2;2;3;3;3;4;1;2;4;3;1;3;3;2;1;4;2;4;3;2;4;3;5;5;5;4;4;3;2;2;1;3;2;2;1;3;5;3;2;2;3;2;3;2;2;2;3;4;1;2
2;8;16;14;11;5;2;2;2;1;3;2;4;4;3;4;2;2;4;5;5;2;4;5;1;2;2;3;4;4;3;2;2;4;4;2;3;3;2;4;4;1;4;3;2;4;3;5;5;5;4;4;3;4;2;2;3;2;2;1;4;3;2;2;2;3;2;2;2;2;2;3;3;1;2
3;4;5;9;4;3;2;1;3;2;2;1;3;4;4;5;3;2;1;2;3;2;2;3;3;1;2;3;1;3;3;1;1;3;2;1;3;3;2;1;3;1;3;3;1;3;1;3;5;5;4;3;2;3;1;1;3;2;2;2;3;4;2;2;1;3;2;3;2;1;2;2;4;1;3
3;0;11;7;7;5;3;1;2;5;2;2;2;3;1;3;1;3;3;2;1;4;1;4;2;3;1;1;3;3;4;2;2;3;3;1;3;4;1;2;3;1;3;4;2;3;5;5;3;5;5;5;5;5;5;5;5;5;5;5;2;4;5;1;2;3;2;3;1;1;3;2;3;1;3
3;4;5;7;4;4;1;2;4;2;1;2;4;1;1;5;1;4;5;2;2;4;1;5;5;1;1;1;3;3;2;1;1;4;3;1;2;4;2;4;3;1;3;4;1;4;4;4;5;5;2;4;5;5;4;5;5;4;1;5;1;5;4;2;2;3;2;2;2;1;3;3;3;1;2
3;11;11;9;6;5;2;2;3;3;2;1;5;2;2;5;1;3;2;3;2;2;1;5;1;1;2;3;3;4;3;1;1;4;2;1;1;4;1;2;4;1;2;3;1;4;5;5;5;4;3;3;3;4;5;5;3;3;3;3;5;3;1;2;2;3;2;2;2;2;3;3;3;1;3
2;22;15;15;11;2;2;2;2;3;2;2;2;4;3;4;2;3;2;4;3;3;3;1;2;2;2;3;3;4;3;2;2;4;3;1;3;3;2;3;3;2;3;4;2;3;5;5;5;5;3;4;4;5;5;5;4;5;4;5;4;4;3;1;2;3;2;3;2;2;2;3;3;3;1
2;9;8;7;11;1;2;2;3;1;1;1;1;1;3;5;1;1;1;5;2;1;3;2;2;1;1;3;1;3;4;1;1;3;3;2;4;4;1;1;3;1;4;4;1;4;4;5;5;5;5;5;5;4;4;4;5;5;3;3;4;4;3;2;2;4;2;1;1;1;2;4;4;1;3
2;12;15;11;8;2;2;2;3;2;1;1;5;4;4;2;1;2;1;5;5;1;4;4;2;2;2;3;4;4;3;1;2;4;3;1;3;3;2;2;4;2;3;3;1;4;5;5;5;5;4;5;4;5;5;5;4;5;4;5;5;5;1;2;2;3;2;1;1;2;1;3;2;2;3
1;14;5;9;11;2;2;2;3;3;2;3;2;1;2;5;3;3;2;3;3;3;4;5;2;1;3;3;4;4;4;3;2;3;3;3;3;3;3;3;3;3;3;3;3;3;4;5;5;4;3;3;3;2;4;4;4;4;5;3;3;4;1;2;1;2;1;4;2;2;1;2;4;1;3
1;5;10;13;6;2;2;2;3;4;3;2;5;1;2;1;2;2;2;5;5;2;2;2;4;1;1;3;4;4;4;2;2;4;3;2;3;3;2;3;3;2;3;3;1;3;5;4;5;5;3;4;3;2;1;2;3;3;2;2;4;4;1;1;1;4;3;1;1;1;3;4;4;1;3
3;10;9;9;2;2;2;2;2;2;2;2;5;4;2;5;1;1;2;5;4;2;2;5;1;2;2;2;3;4;2;2;2;4;4;3;4;4;1;1;3;1;4;4;1;4;5;5;4;5;4;4;4;5;5;5;4;5;5;4;5;5;5;2;2;4;2;2;2;2;2;4;4;1;3
2;25;16;11;11;2;2;1;3;1;2;4;4;4;4;4;4;4;4;3;2;4;4;5;2;3;3;2;2;4;3;3;3;3;3;3;2;3;3;2;3;3;2;2;3;3;3;3;5;5;3;3;2;3;3;3;2;2;3;3;2;3;3;3;2;3;2;2;3;3;3;2;2;1;1
3;6;14;9;6;2;2;4;4;2;2;2;3;4;2;4;2;2;2;3;4;2;2;5;3;1;2;4;3;4;3;1;1;3;3;2;3;3;2;1;3;2;2;3;3;3;4;5;5;5;4;4;4;5;4;5;4;4;3;4;4;5;4;2;2;3;2;3;1;2;2;4;4;3;1
3;6;9;9;4;5;2;5;5;5;4;3;1;1;2;5;5;5;5;5;4;5;3;3;3;3;4;1;1;2;2;4;3;1;1;3;1;2;4;1;1;3;1;1;3;2;1;5;4;5;1;3;3;1;1;1;2;3;2;4;1;3;4;2;1;3;2;2;2;2;3;3;3;1;2
2;16;17;11;15;1;3;2;2;2;2;3;2;1;1;3;4;4;2;4;3;4;4;5;1;3;2;3;2;3;4;2;2;3;2;3;3;3;2;2;3;2;3;3;2;4;4;4;5;5;3;3;3;3;3;3;3;3;3;2;3;3;3;2;2;4;1;2;2;2;3;3;4;3;1
2;11;15;14;12;2;1;1;1;1;1;4;4;3;2;3;2;2;5;4;2;2;4;5;1;3;2;2;3;4;3;2;3;3;2;3;2;3;2;2;3;2;2;2;2;2;4;5;5;4;2;4;3;3;2;2;3;3;3;2;4;3;4;2;2;3;2;3;2;3;2;2;2;2;2
2;10;15;9;12;4;2;2;2;4;3;3;4;4;4;4;3;3;2;3;4;2;4;5;2;1;3;3;4;4;3;2;1;4;3;3;3;2;3;2;3;2;3;3;2;4;4;3;5;5;2;4;2;4;4;4;3;2;4;2;5;3;5;2;2;3;2;3;2;3;2;3;3;2;2
2;6;13;13;10;1;2;4;1;4;2;2;1;2;2;4;2;2;2;4;2;2;2;5;4;2;2;3;1;3;3;2;2;4;4;1;3;4;1;1;4;1;4;3;2;3;5;4;3;4;4;4;3;4;4;5;4;5;2;3;2;2;2;2;2;3;3;3;2;2;2;3;3;1;2
1;14;14;11;15;3;2;2;1;1;3;1;5;5;2;5;2;2;1;5;3;2;5;5;2;1;1;3;4;4;4;1;2;4;4;1;3;4;1;4;4;1;4;3;1;4;3;5;5;5;3;5;5;2;2;2;3;3;3;2;5;4;2;1;2;4;2;3;2;2;3;4;4;1;3
1;3;9;13;12;2;2;1;1;1;3;1;3;2;1;4;3;2;1;5;4;2;4;5;1;1;1;3;2;4;4;1;2;4;3;1;4;4;1;2;4;1;4;4;1;4;5;5;5;5;5;5;5;4;5;5;5;5;5;5;5;4;4;1;1;4;1;3;2;1;2;4;4;1;3
3;7;8;9;4;2;2;3;3;3;2;2;3;3;2;4;2;3;2;2;2;2;2;3;5;2;1;3;2;2;2;2;2;3;2;2;3;2;3;2;3;2;3;3;2;3;4;4;5;5;4;4;4;2;3;2;4;4;2;4;4;3;2;3;4;2;3;1;2;1;2;1;1;2;2
3;4;12;9;6;3;2;3;3;4;2;2;5;1;1;5;2;2;5;3;2;3;2;3;3;1;2;3;2;3;3;2;3;4;3;2;3;2;2;1;3;2;3;4;2;4;5;5;4;5;4;4;5;3;2;2;4;2;4;3;5;4;2;2;2;3;1;2;1;1;2;3;3;1;3
3;0;8;3;4;5;3;5;5;5;2;3;5;5;4;5;2;5;2;2;3;3;1;5;5;3;3;2;1;3;4;2;1;4;1;3;1;4;3;3;3;2;4;4;1;1;5;5;5;5;5;5;3;5;4;5;5;5;3;4;1;2;2;1;1;2;2;1;2;1;2;2;1;1;2
3;6;11;5;6;2;2;2;4;2;2;1;2;5;1;2;2;4;4;5;4;4;1;5;1;2;1;3;1;4;3;1;2;4;2;1;3;3;2;3;4;1;4;3;2;4;5;5;5;4;3;3;5;1;2;3;3;2;3;2;3;4;1;1;2;3;2;2;3;2;2;3;3;1;3
1;15;12;9;13;2;3;2;5;4;2;3;4;2;2;3;4;4;4;3;4;4;2;3;3;3;3;3;2;3;4;2;1;4;2;3;1;2;3;3;3;3;2;3;2;3;5;5;5;5;2;4;3;3;2;1;3;3;1;1;4;4;3;2;2;3;1;2;2;3;2;4;2;1;3
1;16;13;13;13;2;3;2;2;2;3;3;2;2;4;3;3;3;3;4;5;4;5;1;1;2;2;4;3;4;4;2;2;4;4;2;4;3;2;4;3;2;4;3;2;3;5;3;4;4;4;4;4;4;5;5;4;4;5;5;4;4;2;1;2;3;1;3;2;2;3;3;3;3;1
1;6;15;13;19;2;2;1;3;2;2;3;4;1;2;3;2;2;1;4;5;3;2;5;2;2;2;3;4;4;3;2;2;4;3;1;4;4;1;3;3;2;4;4;1;4;4;5;5;5;3;5;5;5;5;5;4;5;5;5;5;4;4;1;2;3;1;3;2;2;3;4;3;1;2
1;6;14;9;11;3;2;2;3;4;2;3;5;2;4;2;2;2;2;5;4;2;5;4;2;3;2;3;3;4;3;2;3;3;4;2;3;3;2;3;3;2;3;3;2;3;3;5;4;4;3;3;3;3;4;3;3;3;3;5;4;4;3;2;2;3;2;3;2;2;3;3;2;1;3
2;13;12;13;9;4;2;2;3;2;2;1;2;1;2;5;2;2;2;4;3;2;4;2;3;2;1;3;3;3;3;2;1;3;4;2;3;3;2;3;3;2;4;3;2;3;5;5;5;4;4;4;3;2;3;2;2;2;3;1;4;3;3;1;2;4;1;3;3;2;2;3;3;1;3
2;3;10;13;11;3;3;4;2;2;3;1;2;1;2;5;2;2;1;3;5;3;1;5;1;3;2;3;2;3;4;2;2;3;3;1;4;2;2;4;3;2;3;4;2;3;3;3;5;5;3;3;2;3;2;2;3;1;1;1;2;3;3;2;2;3;3;2;2;2;2;4;3;1;2
2;6;12;7;9;1;2;1;1;1;2;4;3;4;4;5;2;3;3;2;4;3;4;1;4;2;2;3;3;3;3;2;2;4;4;3;2;3;3;3;4;2;4;3;1;4;5;4;5;4;3;4;5;5;5;4;5;5;2;3;3;5;3;3;2;3;2;2;2;2;1;3;3;1;3
3;7;9;9;4;4;2;2;3;2;2;3;4;1;2;5;3;1;2;5;1;2;1;5;1;1;2;3;3;4;4;2;2;4;3;3;2;4;3;2;3;2;3;4;3;3;3;5;3;5;5;4;4;3;2;2;3;3;2;2;2;3;1;2;3;3;2;3;2;2;2;3;3;1;3
3;9;8;9;2;2;2;1;3;2;4;4;5;1;1;5;1;2;2;5;2;5;2;5;1;1;2;2;4;4;4;1;1;3;4;1;4;4;1;1;3;1;4;4;1;4;3;5;5;5;5;5;5;5;5;5;5;5;5;5;5;5;1;1;2;4;2;2;2;1;2;1;3;1;3
3;0;6;2;0;2;1;4;1;4;1;2;4;1;1;2;1;1;2;2;2;3;1;2;2;1;3;4;1;4;1;1;1;3;4;3;3;4;1;4;4;2;4;3;1;4;5;5;2;1;3;5;5;5;5;5;5;5;5;5;4;5;5;2;1;3;1;3;2;1;2;3;3;1;3
2;12;10;5;7;5;2;1;5;2;2;4;3;1;1;2;2;1;1;5;5;2;2;5;2;1;2;4;3;4;4;1;1;3;4;2;4;4;1;4;3;1;4;3;1;4;5;5;5;5;4;5;5;5;5;5;3;4;4;4;5;4;3;2;2;3;3;2;2;2;3;3;3;1;2
2;8;12;9;10;2;2;2;2;2;2;2;3;2;1;5;1;2;2;4;3;2;3;3;2;1;2;3;3;4;3;1;1;4;4;2;4;4;2;1;4;1;4;4;1;4;5;5;5;5;4;5;5;4;4;4;4;4;3;2;2;3;3;2;2;3;2;3;2;2;2;4;3;1;3
1;8;12;14;19;2;2;2;3;2;2;4;2;4;4;2;4;3;4;3;2;4;2;3;2;2;2;3;3;4;3;3;2;3;3;2;3;2;3;3;3;3;3;4;3;4;3;5;5;5;3;4;3;3;3;3;4;2;4;4;5;4;2;1;1;3;2;2;2;3;2;2;2;2;2
1;17;16;18;16;2;3;2;2;3;3;4;2;4;2;3;3;2;2;3;3;2;2;2;3;2;2;2;2;3;3;3;2;3;2;2;2;2;3;3;3;3;2;2;3;3;4;4;5;5;3;3;3;3;3;2;3;2;4;3;3;3;2;1;1;2;2;3;2;3;2;2;2;3;1
1;6;5;9;7;1;3;1;1;2;2;2;4;1;2;4;2;2;2;3;4;3;4;5;2;3;2;3;3;4;3;1;2;4;3;2;2;3;3;2;4;2;3;3;1;4;3;5;4;5;3;4;3;5;3;4;3;3;4;4;3;2;1;1;1;4;1;4;1;1;3;4;4;1;2
1;6;10;13;9;3;2;1;2;3;3;2;4;2;1;4;1;1;2;5;5;1;3;5;2;4;2;3;2;4;3;2;1;3;4;3;4;3;1;3;3;2;4;3;2;3;4;3;5;5;4;5;4;1;1;1;5;3;5;3;5;4;3;1;1;4;1;1;1;1;1;2;4;1;3
3;13;13;9;7;2;2;3;2;2;3;2;3;2;2;3;2;2;2;3;3;2;3;5;2;2;1;3;1;3;4;1;1;4;3;1;3;3;2;2;4;1;3;3;2;3;4;5;5;5;5;5;4;3;2;1;3;3;2;3;3;2;1;2;2;3;2;2;2;2;2;3;3;3;1
3;6;9;7;8;3;2;3;3;3;2;2;4;3;2;3;2;2;2;3;2;2;3;3;3;3;2;3;2;3;3;3;2;3;3;2;3;3;2;2;3;2;3;3;2;3;4;3;4;4;4;3;3;3;4;3;3;3;3;3;4;3;4;2;2;3;2;3;2;2;2;3;3;1;3
1;27;15;11;12;4;2;4;2;1;2;2;2;4;1;2;2;2;4;4;5;4;3;3;3;3;2;4;4;4;4;2;3;4;4;3;2;3;2;2;4;2;3;3;2;4;5;5;3;5;4;4;5;2;2;1;3;1;2;2;4;3;2;2;1;4;1;2;2;2;3;3;3;3;1
2;10;12;9;7;3;2;1;2;2;3;2;4;3;2;2;3;2;2;4;3;2;2;5;1;4;1;3;3;4;4;1;1;3;2;1;3;4;2;3;3;1;3;3;2;3;3;5;5;5;4;3;3;2;2;1;3;2;2;2;5;3;1;2;2;3;2;3;2;1;3;4;4;1;2
2;7;6;7;6;3;1;2;3;3;2;2;4;3;4;4;2;2;1;4;5;2;4;4;2;2;2;2;3;4;2;3;3;3;2;1;2;3;3;3;3;1;2;3;3;3;4;2;3;3;4;3;5;5;4;3;5;3;3;5;5;4;3;1;2;3;1;3;1;1;2;4;3;1;3
2;11;6;7;7;3;3;2;2;4;2;4;2;2;4;4;4;4;4;2;2;4;2;3;3;2;3;2;2;3;3;3;3;3;2;3;2;3;3;2;2;3;2;2;3;2;4;3;3;3;2;3;2;2;3;3;2;2;3;2;3;2;2;2;2;2;2;1;2;3;1;3;2;1;3
2;9;15;13;10;2;2;1;2;1;2;1;1;2;2;5;1;1;2;5;2;2;1;3;3;1;2;3;2;4;2;1;1;3;3;2;3;4;2;3;4;1;4;3;2;4;5;5;5;5;3;4;4;3;4;2;5;5;4;4;4;4;4;2;2;3;2;3;1;1;3;4;4;1;3
3;14;12;14;8;2;3;4;3;2;3;2;4;3;4;5;2;2;4;3;2;4;1;5;3;2;2;1;2;4;3;2;1;3;4;2;3;4;2;1;3;2;4;3;1;4;4;3;5;4;3;2;3;4;3;4;3;2;1;2;1;2;3;2;1;3;2;1;2;2;3;3;4;2;2
3;5;15;9;8;4;2;5;4;5;5;1;5;1;1;5;2;3;2;5;2;2;1;5;1;1;1;3;2;4;4;1;1;4;2;1;2;4;1;2;3;1;4;4;1;4;5;5;5;5;3;4;4;5;5;5;3;3;4;4;3;5;1;2;1;4;2;1;1;1;2;3;4;1;3
3;0;10;7;11;1;1;2;2;1;3;2;3;3;2;4;2;1;4;3;2;2;1;5;1;2;2;3;2;3;3;3;1;3;4;1;3;4;1;3;3;1;3;2;1;3;4;3;3;4;4;3;2;3;2;2;3;3;2;3;2;2;1;2;2;3;1;3;2;1;2;3;2;2;3
2;21;16;14;13;3;3;4;3;3;2;3;2;4;1;4;3;2;3;2;4;2;3;3;3;3;2;3;4;3;3;2;3;3;2;3;4;3;3;2;3;2;2;2;3;3;3;5;4;4;4;3;4;2;3;2;4;3;2;2;3;4;3;1;2;3;1;3;2;3;2;2;3;1;1
1;17;17;9;12;1;2;1;1;2;3;2;1;1;1;2;4;3;2;3;5;3;3;5;2;1;1;3;2;3;3;2;2;4;3;2;3;4;3;3;4;2;3;3;2;3;4;5;5;5;4;4;5;2;2;2;4;4;3;2;4;5;2;1;2;3;1;3;2;2;2;3;4;2;2
1;5;9;7;14;3;3;2;4;2;2;1;4;4;4;5;4;4;2;4;5;4;2;5;2;3;2;2;1;2;1;2;2;3;2;1;1;3;3;2;3;2;3;2;2;2;3;3;5;3;4;4;3;2;2;2;2;3;3;2;4;4;2;2;2;3;2;3;3;2;3;2;2;1;2
1;14;12;14;15;4;2;2;3;4;4;3;4;4;2;5;2;1;1;5;4;4;2;2;4;2;1;3;2;3;3;2;1;4;2;2;2;3;2;2;3;2;2;4;1;4;5;5;5;5;4;5;4;4;3;3;4;4;4;4;3;3;2;2;2;3;1;2;2;3;3;3;3;1;3
3;7;12;11;8;4;2;5;5;2;5;5;5;4;4;4;4;5;5;1;2;4;4;5;3;4;4;1;1;2;1;4;3;1;1;4;1;1;4;1;1;4;2;1;3;2;2;4;3;4;3;3;5;2;1;3;2;4;3;2;4;2;1;3;2;2;4;2;3;3;2;1;1;2;2
1;21;13;11;6;3;2;2;1;2;3;2;2;4;2;5;2;2;2;4;4;2;4;3;4;4;2;2;3;3;3;2;2;3;2;3;2;3;2;3;4;2;3;4;1;4;5;5;5;5;4;5;4;5;4;4;4;4;3;3;5;4;4;2;2;4;2;3;2;2;2;3;3;2;2
1;7;11;11;12;2;3;2;3;2;2;2;4;2;2;2;2;2;2;4;4;3;2;2;3;2;2;3;2;4;3;2;2;3;4;1;3;3;2;3;3;2;3;4;2;4;3;4;4;5;3;3;3;3;4;4;5;4;2;3;4;4;4;2;3;4;2;2;2;3;2;3;2;1;3
2;7;12;9;8;2;2;1;3;3;4;4;5;4;2;2;3;3;4;3;1;3;2;5;5;3;2;1;2;3;3;3;2;3;2;3;2;2;3;1;2;3;2;3;3;2;3;4;4;3;2;1;1;1;1;1;1;1;1;2;3;3;2;2;2;1;3;2;3;3;2;2;2;1;2
2;9;10;11;6;2;3;4;4;2;4;2;4;2;4;4;2;2;2;4;1;2;2;3;3;2;2;3;3;3;4;2;2;4;1;2;3;3;2;3;3;2;3;4;2;3;3;5;5;4;2;4;4;3;2;3;3;2;2;2;2;3;1;2;2;3;2;2;2;3;1;2;2;1;3
2;12;12;11;6;4;2;2;3;4;3;2;4;2;2;5;1;2;2;4;4;2;2;5;2;1;2;4;2;3;4;2;1;3;4;2;2;3;2;1;3;1;4;3;1;4;3;4;5;5;2;3;3;2;1;2;3;1;3;2;3;2;1;2;2;3;1;2;2;2;1;3;3;2;2
3;3;8;9;0;2;3;3;3;5;2;3;5;1;1;5;1;4;3;3;5;1;4;2;3;3;3;3;3;4;3;1;1;3;4;3;4;4;2;1;3;2;4;4;2;4;3;5;5;5;5;4;5;5;5;5;5;5;1;5;4;5;5;2;1;4;1;2;2;1;4;3;3;1;3
3;8;11;9;7;3;2;1;2;4;2;2;5;1;2;3;1;3;4;3;5;5;2;3;3;2;3;1;1;3;2;4;3;3;2;3;1;1;3;1;3;2;1;4;3;1;3;4;5;2;1;4;2;3;5;3;2;3;1;1;5;1;2;3;4;2;3;1;2;4;3;1;2;1;3
3;15;13;9;7;2;2;2;1;2;3;2;2;1;3;4;1;2;3;5;2;3;3;5;2;1;1;3;3;4;4;2;2;4;3;2;3;3;3;2;3;2;4;4;2;4;3;4;4;5;3;3;3;4;4;5;3;4;3;3;4;3;3;2;2;4;2;3;2;2;1;3;3;1;2
2;6;12;9;12;3;3;2;3;2;3;3;3;3;4;3;3;2;2;3;3;2;3;3;2;2;2;3;1;4;3;2;3;3;3;2;3;3;2;1;3;2;3;3;2;3;4;4;4;4;4;4;4;4;4;3;4;4;3;3;3;3;2;3;3;2;2;2;2;2;2;2;2;1;3
2;13;12;11;9;3;3;2;3;2;3;2;3;1;1;4;1;2;3;3;4;2;2;5;2;2;2;3;2;4;4;1;1;4;3;3;3;4;1;1;3;1;3;3;1;4;5;5;5;5;4;5;5;5;5;4;5;5;4;3;1;2;1;2;2;3;2;2;2;2;3;4;4;1;3
2;10;5;5;8;4;2;3;4;3;2;2;4;4;4;2;2;2;4;2;4;4;2;3;3;2;3;2;3;4;3;2;3;3;2;3;2;2;3;3;3;2;3;2;3;3;5;5;5;5;2;3;3;3;4;3;3;4;4;4;4;3;2;2;3;3;2;1;3;2;3;2;2;1;3
1;4;12;13;12;3;2;2;4;2;1;2;2;3;4;3;1;2;1;5;4;2;3;2;4;2;2;3;3;4;3;1;2;4;4;2;4;3;2;4;4;2;3;4;2;4;4;4;5;5;3;4;3;4;4;3;3;3;4;4;5;4;3;2;2;3;2;2;2;2;2;4;3;1;3
1;10;9;7;11;2;2;1;1;1;2;2;4;2;2;5;3;2;2;4;5;3;4;5;1;3;2;3;2;3;3;2;2;3;3;2;3;3;2;3;3;2;3;3;2;3;3;4;3;5;4;4;4;3;2;2;3;4;3;2;4;3;3;1;2;3;2;2;1;2;3;3;2;1;3
1;7;13;11;16;2;2;2;2;3;3;3;2;4;2;4;3;2;1;4;3;3;2;4;2;2;3;3;3;3;3;3;3;3;3;2;2;3;2;3;3;2;3;2;2;2;4;4;3;5;4;5;4;4;4;2;3;3;3;2;4;3;3;1;1;3;2;3;2;3;3;3;3;2;2
3;2;6;3;7;3;3;5;5;2;4;3;5;1;3;5;5;2;3;3;4;1;4;1;1;1;1;3;4;3;1;4;1;2;1;1;1;1;4;3;4;1;1;2;1;3;5;5;5;5;5;5;5;5;5;5;5;5;5;4;3;5;5;2;3;3;3;1;1;2;3;2;3;1;3
3;5;5;5;7;3;1;2;1;1;1;1;2;1;2;3;1;1;5;3;2;2;2;3;1;1;1;2;2;2;3;3;3;2;1;1;1;3;3;2;2;3;1;1;3;1;3;4;2;2;1;1;1;2;1;1;3;3;3;1;4;1;2;1;1;2;1;3;3;3;2;4;4;1;3
1;13;10;13;8;4;3;2;3;4;4;2;4;2;2;5;4;4;2;3;5;4;2;3;2;4;2;3;3;4;3;2;2;3;3;2;2;3;3;2;3;2;2;4;3;2;4;5;4;5;3;4;3;2;1;1;2;2;3;2;2;3;3;2;2;3;2;4;2;3;2;3;3;2;2
1;8;8;7;10;4;3;4;2;4;3;3;1;1;1;2;3;1;3;4;2;3;1;3;1;2;2;3;4;4;4;2;2;3;2;3;3;3;2;3;4;2;4;2;3;3;5;3;5;5;2;4;5;4;3;1;4;3;2;2;4;5;2;1;1;4;1;4;2;1;2;4;4;1;3
1;5;15;13;13;2;2;1;2;2;3;2;4;3;4;4;2;1;2;5;4;1;2;4;2;1;2;4;3;4;3;2;2;3;3;2;2;3;2;3;4;2;4;3;1;3;5;4;5;5;3;4;4;5;5;4;4;5;4;3;4;4;3;2;2;3;2;3;2;2;2;2;3;1;2
1;17;15;11;14;2;2;2;2;2;2;1;2;4;4;4;2;2;4;4;3;2;1;5;2;2;2;3;3;4;4;1;2;4;2;2;3;3;2;3;3;2;3;2;2;3;4;5;5;5;3;4;4;2;2;1;2;2;2;3;4;4;4;2;2;3;1;3;2;2;2;3;3;2;2
2;7;8;9;9;5;3;2;4;5;3;5;5;1;2;2;3;4;4;3;4;4;3;3;4;4;4;2;2;3;3;3;3;2;3;4;2;2;3;2;2;4;3;1;3;1;4;5;5;5;3;4;4;3;2;2;4;3;4;3;4;2;5;3;2;1;3;2;3;4;2;1;2;1;3
2;5;12;11;10;3;2;4;4;4;3;3;4;4;2;5;3;4;3;3;3;3;2;3;3;3;3;2;2;3;2;3;3;3;2;3;2;3;3;2;3;3;2;2;3;2;4;4;4;4;4;4;3;3;3;3;3;3;3;3;3;3;3;2;2;3;2;3;2;3;2;2;2;1;3
1;13;6;7;10;4;2;2;3;2;3;3;4;4;4;4;3;2;3;3;2;4;3;4;2;3;3;3;3;4;3;2;2;4;3;3;2;4;2;1;3;3;2;3;2;4;4;5;5;5;4;4;4;3;2;1;4;4;3;2;4;4;3;2;2;3;2;3;1;1;3;3;3;1;2
2;7;11;13;8;2;2;1;2;3;2;3;4;2;3;5;2;2;3;4;4;2;4;4;2;4;3;3;4;4;4;2;2;4;3;3;3;4;2;3;4;2;4;4;1;4;5;5;4;5;4;4;4;5;5;4;5;5;4;4;3;2;5;1;1;4;1;2;2;2;2;3;4;1;3
2;12;11;11;7;3;2;4;3;4;2;4;5;4;3;4;3;3;3;2;4;3;2;5;5;1;2;3;2;4;3;2;3;3;2;3;3;3;2;3;3;3;3;3;3;3;3;4;5;5;4;3;3;4;3;2;3;2;2;3;4;3;1;2;2;3;3;2;3;2;3;3;3;1;3
1;13;13;11;11;2;2;1;2;1;2;3;5;2;2;3;2;3;2;5;4;2;4;5;2;2;2;2;4;4;4;2;3;4;3;2;3;3;2;2;3;2;3;4;1;3;4;5;5;5;4;5;3;5;5;5;4;5;3;3;3;5;2;1;2;4;2;4;2;2;3;3;3;1;3
1;6;11;7;12;2;2;1;2;3;3;2;3;2;2;2;2;3;1;4;3;3;4;4;2;3;2;3;3;4;3;2;2;4;3;2;3;4;2;3;4;1;3;4;2;3;5;5;4;4;4;5;4;4;3;3;4;3;3;3;5;2;3;3;2;3;2;2;2;2;3;3;2;1;3
1;5;6;11;8;3;3;1;2;3;3;2;1;1;3;5;3;3;1;3;5;3;2;4;3;4;2;3;3;3;3;2;3;3;3;2;3;3;2;3;3;2;3;3;3;3;3;3;2;3;2;2;3;3;1;1;3;1;1;3;2;1;1;2;3;3;2;3;2;2;3;2;2;1;3
1;8;15;9;12;2;2;2;2;2;3;2;4;2;2;2;2;2;2;4;4;2;4;4;2;2;1;4;4;4;3;2;2;4;3;2;4;4;2;4;4;2;3;4;1;4;5;5;5;5;5;5;5;5;5;5;5;5;5;5;5;5;4;2;2;4;2;2;2;3;2;4;4;1;3
1;17;16;14;19;2;3;2;2;2;3;5;1;2;4;2;2;2;1;4;4;4;1;4;2;2;1;4;4;4;3;1;1;4;4;1;4;3;1;4;4;1;4;4;1;4;4;5;5;5;3;4;4;2;3;3;3;3;4;5;3;3;4;1;1;4;2;3;2;2;3;3;4;2;1
2;14;15;14;15;3;2;4;4;2;4;4;2;4;2;4;4;2;2;2;2;4;1;3;3;4;3;2;1;3;2;4;3;3;2;3;1;3;3;2;2;2;2;2;3;3;3;5;4;4;1;2;3;4;3;2;3;2;3;2;3;4;1;2;4;2;1;3;4;2;1;1;1;1;3
2;7;10;7;8;3;2;2;3;4;2;2;4;4;2;4;4;2;3;4;4;2;4;4;3;2;2;3;3;4;4;2;2;4;4;2;4;4;2;4;4;2;4;4;2;4;3;5;5;5;4;5;5;1;2;2;3;4;4;3;5;4;4;2;2;3;2;3;2;3;3;3;3;1;3
2;18;12;13;10;2;3;1;2;1;2;3;2;5;2;3;3;4;3;3;4;4;2;5;2;2;3;3;3;3;3;4;4;3;3;3;2;3;3;2;3;3;3;2;2;2;4;5;5;5;4;4;4;3;3;3;4;4;4;3;4;4;2;2;2;3;2;2;2;3;2;3;3;3;1
1;0;5;2;10;5;5;5;5;5;5;5;5;5;5;5;5;5;1;2;5;1;5;5;5;1;3;1;4;1;1;2;4;3;1;3;2;2;4;1;2;4;1;3;3;2;2;3;3;2;1;1;3;2;2;2;2;1;5;4;1;1;1;3;4;1;4;1;1;4;3;1;1;1;3
1;7;12;7;8;2;3;2;2;2;3;1;4;4;4;5;2;2;2;5;5;3;3;5;1;1;2;3;2;4;3;3;3;4;4;3;2;3;3;2;4;2;4;3;2;4;4;3;2;4;3;3;3;4;3;4;5;3;3;4;4;5;2;2;3;4;1;1;1;1;2;3;4;1;3
1;9;9;7;10;2;3;2;2;2;2;2;2;4;2;5;2;4;2;4;5;2;4;4;4;1;2;3;4;4;3;1;2;3;3;3;3;3;2;2;3;2;3;4;1;3;4;4;3;5;3;4;4;3;4;2;3;3;3;3;4;3;3;2;3;3;2;3;2;3;3;3;3;1;2
1;18;15;11;19;3;2;2;3;1;3;2;2;4;1;1;5;4;2;1;3;3;2;4;2;4;2;2;3;3;3;2;2;3;3;2;2;2;3;3;2;2;2;2;2;2;4;3;5;5;2;4;3;4;5;5;4;1;4;3;5;5;2;2;2;3;2;2;2;2;2;2;3;3;1
2;9;11;7;4;2;3;1;2;3;1;3;5;2;2;2;1;1;3;2;1;5;3;5;1;5;3;2;1;3;1;3;3;2;2;3;2;1;4;1;3;3;2;1;3;2;3;5;5;5;3;3;3;5;5;5;3;3;2;3;3;5;1;1;4;1;2;4;4;4;2;1;1;1;3
2;1;9;7;2;4;2;4;4;4;3;4;2;2;2;4;2;1;2;3;4;2;2;3;2;3;3;2;4;4;3;2;3;4;3;3;3;3;2;3;4;3;4;3;2;3;3;5;5;5;2;3;3;2;2;2;2;3;2;2;3;4;4;2;2;3;2;3;2;3;2;3;2;1;3
1;17;15;15;15;2;3;2;2;1;3;2;4;4;4;2;2;4;2;4;4;3;3;5;2;2;2;3;3;4;4;2;2;3;3;2;3;3;3;3;3;2;3;3;2;3;4;4;5;5;2;4;3;3;4;5;3;4;4;5;3;5;4;1;2;3;2;3;2;2;2;3;3;3;1
1;8;11;9;8;3;3;4;3;4;2;1;5;2;5;3;2;2;1;3;2;2;1;5;1;1;2;3;3;3;3;3;2;3;3;2;2;2;3;3;3;3;4;3;3;3;3;5;5;5;3;2;5;4;5;5;4;3;3;3;4;4;5;2;3;3;2;2;2;2;2;2;2;1;3
1;14;9;9;6;4;2;2;4;2;4;1;2;3;2;4;3;1;2;4;2;1;2;5;2;5;2;3;3;3;4;2;2;3;3;2;1;4;2;4;3;2;3;3;2;3;5;5;5;5;4;5;4;4;5;4;3;4;3;3;4;5;2;2;2;3;2;2;2;3;2;3;3;1;3
1;9;14;13;19;1;2;1;2;2;2;2;3;3;2;1;2;3;2;4;5;2;4;5;2;2;1;3;4;4;4;3;2;4;4;1;3;3;2;3;3;2;4;3;2;4;3;5;4;5;2;3;2;2;4;1;4;3;4;1;4;2;5;1;1;4;1;4;2;1;3;4;4;2;2
1;14;12;14;12;3;3;3;3;2;4;2;4;4;4;5;3;4;3;3;4;3;2;2;4;2;2;3;3;4;3;2;2;3;3;2;3;2;3;2;3;2;3;2;2;3;3;4;5;4;2;3;2;3;3;2;3;2;4;4;4;3;3;2;2;3;2;2;3;2;2;2;2;1;3
2;6;12;7;5;1;3;2;3;1;1;3;5;3;2;3;4;2;2;4;4;1;4;1;2;5;2;3;1;3;3;3;3;2;2;3;1;3;3;1;3;3;2;3;4;2;2;5;5;5;4;5;5;3;1;2;3;4;4;3;5;3;4;1;2;1;2;2;1;2;1;3;3;1;3
2;13;13;11;10;2;2;1;4;2;2;1;2;2;4;4;3;2;4;5;4;2;2;4;1;1;2;3;3;4;3;1;1;3;3;2;3;2;2;3;3;2;3;2;1;1;5;4;5;4;1;4;3;3;4;3;4;4;4;3;3;3;4;2;3;3;1;2;2;2;3;3;3;1;3
2;20;9;14;8;2;2;2;3;2;2;2;4;4;2;3;2;2;4;2;3;2;2;3;2;2;2;3;3;4;3;2;3;3;4;3;3;4;2;2;4;2;4;4;2;3;5;5;5;5;4;4;4;3;5;5;4;4;4;3;3;4;1;1;1;4;1;3;2;2;2;4;4;1;3
2;3;10;9;7;1;3;2;4;4;4;1;5;2;2;5;2;4;2;4;5;2;4;1;1;2;2;3;3;4;2;2;2;3;4;2;3;3;1;2;3;2;3;3;2;3;5;5;5;5;3;3;5;5;5;5;3;5;5;3;3;2;5;2;3;2;2;1;1;2;2;2;1;1;3
2;12;11;11;4;4;2;2;2;3;3;2;3;3;2;5;2;2;2;3;3;2;3;3;2;2;1;4;1;3;3;1;2;3;2;2;2;3;3;2;3;2;3;2;1;3;3;5;5;5;3;3;3;3;2;4;3;3;3;4;5;4;3;2;3;3;1;3;2;1;3;3;4;1;3
2;11;10;9;9;2;2;3;2;2;2;2;5;1;2;4;2;2;4;4;2;1;3;5;2;2;1;3;3;4;3;1;2;4;3;2;4;3;3;2;3;2;4;3;2;4;4;5;5;4;4;3;3;4;4;2;3;3;4;3;5;5;1;2;2;3;2;1;1;2;2;3;2;1;3
2;10;10;13;13;2;2;2;2;3;2;2;2;4;2;4;2;1;2;3;3;2;2;3;2;2;2;4;3;4;2;2;2;4;3;2;3;3;3;2;3;2;2;3;2;3;4;3;5;5;4;3;3;5;4;4;4;3;3;4;4;5;4;2;2;3;2;4;2;2;2;3;4;1;2
1;8;15;14;15;2;2;2;3;2;3;2;2;4;2;2;2;2;1;5;5;2;4;4;2;2;2;3;3;4;3;2;2;3;3;2;3;3;2;3;3;2;4;3;2;3;3;4;5;5;3;4;3;3;5;4;4;4;5;4;4;4;3;1;2;3;1;4;2;2;2;3;4;1;2
1;9;12;9;7;2;2;2;3;2;3;1;1;1;2;2;2;2;2;4;5;1;2;3;3;1;1;3;3;4;4;1;1;4;3;2;3;3;2;2;4;1;3;2;1;4;5;5;5;5;2;3;3;2;2;1;2;2;3;3;5;3;2;1;2;3;1;4;1;1;2;3;3;1;3
1;6;13;9;13;2;2;2;3;2;2;3;2;4;2;4;3;2;4;4;2;4;4;3;4;4;2;2;3;3;2;2;2;3;3;2;4;2;3;4;3;2;3;3;2;3;3;4;5;5;3;4;3;2;3;2;3;3;2;3;3;3;4;2;2;3;1;3;2;2;2;2;2;1;3
1;14;12;9;12;3;3;2;2;2;3;1;4;4;2;5;3;2;1;4;4;2;3;4;2;3;3;3;3;4;4;2;2;3;4;2;3;3;2;3;3;2;4;4;2;3;5;5;5;5;4;4;4;4;2;2;3;4;4;3;5;3;3;2;2;3;2;3;2;2;3;3;2;1;3
1;4;8;9;11;3;2;1;2;2;3;2;4;5;4;5;4;2;2;4;4;4;2;5;1;2;3;2;3;4;3;3;4;3;3;3;4;2;3;2;3;3;3;2;3;2;2;4;5;4;2;3;3;5;4;2;4;5;4;5;3;2;2;2;2;3;2;2;2;3;2;2;2;1;2
